{
  "weights": {
    "grade": {
      "A": 1.2109419539829145,
      "A+": 0.8199996857167117,
      "B": 1.253447269197723,
      "D": 1.036153621103841,
      "C": 0.9792076417101709,
      "B+": 1,
      "F": 0.8948204520929793
    },
    "odds": {
      "HEAVY_FAV": 1.0247872097906028,
      "BIG_FAV": 1.0231754100538337,
      "SLIGHT_FAV": 1.1332183129701392,
      "MOD_FAV": 0.9813454432390253,
      "BIG_DOG": 1,
      "SLIGHT_DOG": 1.33878207223515,
      "PICKEM": 0.9370988611894785
    },
    "probability": {
      "HIGH_PROB": 1.0673939161266415,
      "LOW_PROB": 1.2230352129615378,
      "MOD_PROB": 1.052087435665486,
      "GOOD_PROB": 0.8952451647737789
    },
    "ev": {
      "NEG_EV": 1.0219174547728047,
      "MOD_EV": 1.293038583198325,
      "LOW_EV": 1.0886541190331989,
      "VERY_HIGH_EV": 0.6710922160582776,
      "HIGH_EV": 1.6148148167699006,
      "GOOD_EV": 0.7119596845035491
    },
    "side": {
      "HOME": 0.9945979587155792,
      "AWAY": 1.1615214431214351
    }
  },
  "performance": {
    "grade": {
      "A": {
        "wins": 113,
        "losses": 72,
        "total": 185,
        "winRate": 61.08108108108108,
        "profit": 21.57631386440471,
        "risked": 201.5,
        "roi": 10.707848071664868
      },
      "A+": {
        "wins": 35,
        "losses": 28,
        "total": 63,
        "winRate": 55.55555555555556,
        "profit": -5.732464922344475,
        "risked": 63,
        "roi": -9.099150670388054
      },
      "B": {
        "wins": 52,
        "losses": 23,
        "total": 75,
        "winRate": 69.33333333333334,
        "profit": 10.169411985688713,
        "risked": 78.5,
        "roi": 12.954664949921927
      },
      "D": {
        "wins": 42,
        "losses": 11,
        "total": 53,
        "winRate": 79.24528301886792,
        "profit": 0.9946580988463998,
        "risked": 55,
        "roi": 1.808469270629818
      },
      "C": {
        "wins": 185,
        "losses": 57,
        "total": 242,
        "winRate": 76.44628099173553,
        "profit": -2.7397880739152147,
        "risked": 263.5,
        "roi": -1.0397677699867987
      },
      "B+": {
        "wins": 5,
        "losses": 0,
        "total": 5,
        "winRate": 100,
        "profit": 1.6444113402936935,
        "risked": 5,
        "roi": 32.88822680587387
      },
      "F": {
        "wins": 69,
        "losses": 21,
        "total": 90,
        "winRate": 76.66666666666667,
        "profit": -4.988182537399891,
        "risked": 94.5,
        "roi": -5.278500039576604
      }
    },
    "odds": {
      "HEAVY_FAV": {
        "wins": 238,
        "losses": 33,
        "total": 271,
        "winRate": 87.82287822878229,
        "profit": 3.6382682832336357,
        "risked": 293.5,
        "roi": 1.2396144065531978
      },
      "BIG_FAV": {
        "wins": 81,
        "losses": 33,
        "total": 114,
        "winRate": 71.05263157894737,
        "profit": 1.4023634138510033,
        "risked": 121,
        "roi": 1.1589780279760358
      },
      "SLIGHT_FAV": {
        "wins": 65,
        "losses": 42,
        "total": 107,
        "winRate": 60.747663551401864,
        "profit": 7.236804219053911,
        "risked": 108,
        "roi": 6.70074464727214
      },
      "MOD_FAV": {
        "wins": 57,
        "losses": 35,
        "total": 92,
        "winRate": 61.95652173913043,
        "profit": -0.9375002350121289,
        "risked": 100.5,
        "roi": -0.9328360547384366
      },
      "BIG_DOG": {
        "wins": 0,
        "losses": 3,
        "total": 3,
        "winRate": 0,
        "profit": -3,
        "risked": 3,
        "roi": -100
      },
      "SLIGHT_DOG": {
        "wins": 36,
        "losses": 39,
        "total": 75,
        "winRate": 48,
        "profit": 14.284999999999997,
        "risked": 81,
        "roi": 17.635802469135797
      },
      "PICKEM": {
        "wins": 24,
        "losses": 27,
        "total": 51,
        "winRate": 47.05882352941176,
        "profit": -1.7005759255524877,
        "risked": 54,
        "roi": -3.149214676949051
      }
    },
    "probability": {
      "HIGH_PROB": {
        "wins": 267,
        "losses": 45,
        "total": 312,
        "winRate": 85.57692307692307,
        "profit": 11.37311443961357,
        "risked": 337,
        "roi": 3.374811406413522
      },
      "LOW_PROB": {
        "wins": 76,
        "losses": 67,
        "total": 143,
        "winRate": 53.14685314685315,
        "profit": 17.297156086138177,
        "risked": 152.5,
        "roi": 11.34239743353323
      },
      "MOD_PROB": {
        "wins": 48,
        "losses": 34,
        "total": 82,
        "winRate": 58.536585365853654,
        "profit": 2.1635866741325422,
        "risked": 83,
        "roi": 2.60673093268981
      },
      "GOOD_PROB": {
        "wins": 110,
        "losses": 66,
        "total": 176,
        "winRate": 62.5,
        "profit": -9.909497444310349,
        "risked": 188.5,
        "roi": -5.257027821915304
      }
    },
    "ev": {
      "NEG_EV": {
        "wins": 306,
        "losses": 81,
        "total": 387,
        "winRate": 79.06976744186046,
        "profit": 4.510238613734848,
        "risked": 411.5,
        "roi": 1.0960482657921866
      },
      "MOD_EV": {
        "wins": 56,
        "losses": 26,
        "total": 82,
        "winRate": 68.29268292682927,
        "profit": 13.132087264497578,
        "risked": 87,
        "roi": 15.094353177583422
      },
      "LOW_EV": {
        "wins": 84,
        "losses": 44,
        "total": 128,
        "winRate": 65.625,
        "profit": 6.088792453677328,
        "risked": 137,
        "roi": 4.444374053779072
      },
      "VERY_HIGH_EV": {
        "wins": 19,
        "losses": 30,
        "total": 49,
        "winRate": 38.775510204081634,
        "profit": -8.881679435672241,
        "risked": 52,
        "roi": -17.080152760908156
      },
      "HIGH_EV": {
        "wins": 20,
        "losses": 11,
        "total": 31,
        "winRate": 64.51612903225806,
        "profit": 12.003480060387954,
        "risked": 33.5,
        "roi": 35.8312837623521
      },
      "GOOD_EV": {
        "wins": 16,
        "losses": 20,
        "total": 36,
        "winRate": 44.44444444444444,
        "profit": -5.928559201051533,
        "risked": 40,
        "roi": -14.821398002628833
      }
    },
    "side": {
      "HOME": {
        "wins": 340,
        "losses": 118,
        "total": 458,
        "winRate": 74.235807860262,
        "profit": -1.3181108952244465,
        "risked": 488,
        "roi": -0.2701046916443538
      },
      "AWAY": {
        "wins": 161,
        "losses": 94,
        "total": 255,
        "winRate": 63.13725490196078,
        "profit": 22.242470650798378,
        "risked": 273,
        "roi": 8.147425146812592
      }
    }
  },
  "totalBets": 713,
  "lastUpdated": "2026-01-03T12:43:24.890Z",
  "config": {
    "fGradeCap": 0.5,
    "minSampleSize": 30,
    "unitThresholds": {
      "elite": 5.5,
      "high": 4.5,
      "good": 3.5,
      "moderate": 2.5,
      "low": 0
    },
    "maxWeightContribution": {
      "grade": 2,
      "odds": 2,
      "probability": 1.5,
      "ev": 1,
      "side": 0.5
    }
  }
}