{
  "weights": {
    "grade": {
      "A": 1.0925550642572976,
      "A+": 0.8199996857167117,
      "B": 1.0119694834279398,
      "D": 1.036153621103841,
      "C": 0.9792076417101709,
      "B+": 1,
      "F": 0.8948204520929793
    },
    "odds": {
      "HEAVY_FAV": 0.9977489012356106,
      "BIG_FAV": 0.9125865588456598,
      "SLIGHT_FAV": 1.1279741976526567,
      "MOD_FAV": 0.9267312846511756,
      "BIG_DOG": 1,
      "SLIGHT_DOG": 0.9295327842567698,
      "PICKEM": 0.8365909265587937
    },
    "probability": {
      "HIGH_PROB": 1.0080467650376623,
      "LOW_PROB": 1.0596585521619273,
      "MOD_PROB": 1.0417081911609052,
      "GOOD_PROB": 0.8447966089378476
    },
    "ev": {
      "NEG_EV": 1.0219174547728047,
      "MOD_EV": 1.1113716713460295,
      "LOW_EV": 0.9203105041041042,
      "VERY_HIGH_EV": 0.572634289392667,
      "HIGH_EV": 0.9692912392190468,
      "GOOD_EV": 0.8620846428534479
    },
    "side": {
      "HOME": 0.9474841788934825,
      "AWAY": 1.048623502964298
    }
  },
  "performance": {
    "grade": {
      "A": {
        "wins": 45,
        "losses": 30,
        "total": 75,
        "winRate": 60,
        "profit": 3.5968029064951845,
        "risked": 77.5,
        "roi": 4.641036008380883
      },
      "A+": {
        "wins": 35,
        "losses": 28,
        "total": 63,
        "winRate": 55.55555555555556,
        "profit": -5.732464922344475,
        "risked": 63,
        "roi": -9.099150670388054
      },
      "B": {
        "wins": 23,
        "losses": 13,
        "total": 36,
        "winRate": 63.888888888888886,
        "profit": 0.22743104678335768,
        "risked": 38,
        "roi": 0.5985027546930466
      },
      "D": {
        "wins": 42,
        "losses": 11,
        "total": 53,
        "winRate": 79.24528301886792,
        "profit": 0.9946580988463998,
        "risked": 55,
        "roi": 1.808469270629818
      },
      "C": {
        "wins": 185,
        "losses": 57,
        "total": 242,
        "winRate": 76.44628099173553,
        "profit": -2.7397880739152147,
        "risked": 263.5,
        "roi": -1.0397677699867987
      },
      "B+": {
        "wins": 5,
        "losses": 0,
        "total": 5,
        "winRate": 100,
        "profit": 1.6444113402936935,
        "risked": 5,
        "roi": 32.88822680587387
      },
      "F": {
        "wins": 69,
        "losses": 21,
        "total": 90,
        "winRate": 76.66666666666667,
        "profit": -4.988182537399891,
        "risked": 94.5,
        "roi": -5.278500039576604
      }
    },
    "odds": {
      "HEAVY_FAV": {
        "wins": 220,
        "losses": 31,
        "total": 251,
        "winRate": 87.64940239043824,
        "profit": -0.3033360708818676,
        "risked": 269.5,
        "roi": -0.1125551283420659
      },
      "BIG_FAV": {
        "wins": 65,
        "losses": 32,
        "total": 97,
        "winRate": 67.0103092783505,
        "profit": -4.557129862673637,
        "risked": 104,
        "roi": -4.38185563718619
      },
      "SLIGHT_FAV": {
        "wins": 53,
        "losses": 35,
        "total": 88,
        "winRate": 60.22727272727273,
        "profit": 5.694079912236736,
        "risked": 88.5,
        "roi": 6.433988601397441
      },
      "MOD_FAV": {
        "wins": 42,
        "losses": 27,
        "total": 69,
        "winRate": 60.86956521739131,
        "profit": -2.679109083819119,
        "risked": 73,
        "roi": -3.6700124435878347
      },
      "BIG_DOG": {
        "wins": 0,
        "losses": 1,
        "total": 1,
        "winRate": 0,
        "profit": -1,
        "risked": 1,
        "roi": -100
      },
      "SLIGHT_DOG": {
        "wins": 9,
        "losses": 14,
        "total": 23,
        "winRate": 39.130434782608695,
        "profit": -1.06,
        "risked": 23,
        "roi": -4.608695652173913
      },
      "PICKEM": {
        "wins": 15,
        "losses": 20,
        "total": 35,
        "winRate": 42.857142857142854,
        "profit": -3.0916370361030547,
        "risked": 37.5,
        "roi": -8.244365429608145
      }
    },
    "probability": {
      "HIGH_PROB": {
        "wins": 228,
        "losses": 37,
        "total": 265,
        "winRate": 86.0377358490566,
        "profit": 1.1366300944216192,
        "risked": 282.5,
        "roi": 0.40234693607844924
      },
      "LOW_PROB": {
        "wins": 45,
        "losses": 38,
        "total": 83,
        "winRate": 54.21686746987952,
        "profit": 2.5683677028603364,
        "risked": 86,
        "roi": 2.9864740730934143
      },
      "MOD_PROB": {
        "wins": 42,
        "losses": 29,
        "total": 71,
        "winRate": 59.154929577464785,
        "profit": 1.502366445086226,
        "risked": 72,
        "roi": 2.086620062619758
      },
      "GOOD_PROB": {
        "wins": 89,
        "losses": 56,
        "total": 145,
        "winRate": 61.37931034482759,
        "profit": -12.204496383609118,
        "risked": 156,
        "roi": -7.823395117698152
      }
    },
    "ev": {
      "NEG_EV": {
        "wins": 306,
        "losses": 81,
        "total": 387,
        "winRate": 79.06976744186046,
        "profit": 4.510238613734848,
        "risked": 411.5,
        "roi": 1.0960482657921866
      },
      "MOD_EV": {
        "wins": 21,
        "losses": 13,
        "total": 34,
        "winRate": 61.76470588235294,
        "profit": 1.9012052107880169,
        "risked": 34,
        "roi": 5.591780031729461
      },
      "LOW_EV": {
        "wins": 55,
        "losses": 34,
        "total": 89,
        "winRate": 61.79775280898876,
        "profit": -3.853188485228027,
        "risked": 96.5,
        "roi": -3.9929414354694583
      },
      "VERY_HIGH_EV": {
        "wins": 10,
        "losses": 19,
        "total": 29,
        "winRate": 34.48275862068966,
        "profit": -6.885194805194805,
        "risked": 29,
        "roi": -23.74205105239588
      },
      "HIGH_EV": {
        "wins": 6,
        "losses": 5,
        "total": 11,
        "winRate": 54.54545454545454,
        "profit": -0.4617129629629628,
        "risked": 11,
        "roi": -4.197390572390571
      },
      "GOOD_EV": {
        "wins": 6,
        "losses": 8,
        "total": 14,
        "winRate": 42.857142857142854,
        "profit": -2.208479712378016,
        "risked": 14.5,
        "roi": -15.230894568124251
      }
    },
    "side": {
      "HOME": {
        "wins": 303,
        "losses": 102,
        "total": 405,
        "winRate": 74.81481481481481,
        "profit": -11.169888068771277,
        "risked": 425,
        "roi": -2.6282089573579475
      },
      "AWAY": {
        "wins": 101,
        "losses": 58,
        "total": 159,
        "winRate": 63.52201257861635,
        "profit": 4.172755927530332,
        "risked": 171.5,
        "roi": 2.4330938352946543
      }
    }
  },
  "totalBets": 564,
  "lastUpdated": "2025-12-16T13:15:08.330Z",
  "config": {
    "fGradeCap": 0.5,
    "minSampleSize": 30,
    "unitThresholds": {
      "elite": 5.5,
      "high": 4.5,
      "good": 3.5,
      "moderate": 2.5,
      "low": 0
    },
    "maxWeightContribution": {
      "grade": 2,
      "odds": 2,
      "probability": 1.5,
      "ev": 1,
      "side": 0.5
    }
  }
}