{
  "weights": {
    "grade": {
      "A": 1.2608190780875843,
      "A+": 0.8199996857167117,
      "B": 1.1833647548860824,
      "D": 1.036153621103841,
      "C": 0.9792076417101709,
      "B+": 1,
      "F": 0.8948204520929793
    },
    "odds": {
      "HEAVY_FAV": 1.0193190314306624,
      "BIG_FAV": 0.9297086030924092,
      "SLIGHT_FAV": 1.0755522398003614,
      "MOD_FAV": 1.022343463160382,
      "BIG_DOG": 1,
      "SLIGHT_DOG": 1.417499809342119,
      "PICKEM": 0.9318084435819212
    },
    "probability": {
      "HIGH_PROB": 1.0430707225215707,
      "LOW_PROB": 1.2245540916722792,
      "MOD_PROB": 1.0628352080505719,
      "GOOD_PROB": 0.8764629698903594
    },
    "ev": {
      "NEG_EV": 1.0219174547728047,
      "MOD_EV": 1.4314971576626303,
      "LOW_EV": 1.0215728888391853,
      "VERY_HIGH_EV": 0.5641249196767346,
      "HIGH_EV": 1.2815181897794639,
      "GOOD_EV": 0.8067510677781472
    },
    "side": {
      "HOME": 0.9721853531175355,
      "AWAY": 1.1672417423631887
    }
  },
  "performance": {
    "grade": {
      "A": {
        "wins": 74,
        "losses": 44,
        "total": 118,
        "winRate": 62.71186440677966,
        "profit": 17.153919241967767,
        "risked": 128.5,
        "roi": 13.34935349569476
      },
      "A+": {
        "wins": 35,
        "losses": 28,
        "total": 63,
        "winRate": 55.55555555555556,
        "profit": -5.732464922344475,
        "risked": 63,
        "roi": -9.099150670388054
      },
      "B": {
        "wins": 37,
        "losses": 18,
        "total": 55,
        "winRate": 67.27272727272727,
        "profit": 5.332041241637608,
        "risked": 57.5,
        "roi": 9.273115202848013
      },
      "D": {
        "wins": 42,
        "losses": 11,
        "total": 53,
        "winRate": 79.24528301886792,
        "profit": 0.9946580988463998,
        "risked": 55,
        "roi": 1.808469270629818
      },
      "C": {
        "wins": 185,
        "losses": 57,
        "total": 242,
        "winRate": 76.44628099173553,
        "profit": -2.7397880739152147,
        "risked": 263.5,
        "roi": -1.0397677699867987
      },
      "B+": {
        "wins": 5,
        "losses": 0,
        "total": 5,
        "winRate": 100,
        "profit": 1.6444113402936935,
        "risked": 5,
        "roi": 32.88822680587387
      },
      "F": {
        "wins": 69,
        "losses": 21,
        "total": 90,
        "winRate": 76.66666666666667,
        "profit": -4.988182537399891,
        "risked": 94.5,
        "roi": -5.278500039576604
      }
    },
    "odds": {
      "HEAVY_FAV": {
        "wins": 227,
        "losses": 31,
        "total": 258,
        "winRate": 87.98449612403101,
        "profit": 2.70983131728552,
        "risked": 280.5,
        "roi": 0.966071770868278
      },
      "BIG_FAV": {
        "wins": 67,
        "losses": 32,
        "total": 99,
        "winRate": 67.67676767676768,
        "profit": -3.73159794778002,
        "risked": 106,
        "roi": -3.5203754224339816
      },
      "SLIGHT_FAV": {
        "wins": 59,
        "losses": 41,
        "total": 100,
        "winRate": 59,
        "profit": 3.82267266602784,
        "risked": 101,
        "roi": 3.7848244218097427
      },
      "MOD_FAV": {
        "wins": 50,
        "losses": 28,
        "total": 78,
        "winRate": 64.1025641025641,
        "profit": 0.9162344805646927,
        "risked": 82,
        "roi": 1.1173591226398691
      },
      "BIG_DOG": {
        "wins": 0,
        "losses": 2,
        "total": 2,
        "winRate": 0,
        "profit": -2,
        "risked": 2,
        "roi": -100
      },
      "SLIGHT_DOG": {
        "wins": 25,
        "losses": 23,
        "total": 48,
        "winRate": 52.083333333333336,
        "profit": 11.45,
        "risked": 51.5,
        "roi": 22.233009708737864
      },
      "PICKEM": {
        "wins": 19,
        "losses": 22,
        "total": 41,
        "winRate": 46.34146341463415,
        "profit": -1.5025461270121454,
        "risked": 44,
        "roi": -3.4148775613912394
      }
    },
    "probability": {
      "HIGH_PROB": {
        "wins": 239,
        "losses": 37,
        "total": 276,
        "winRate": 86.59420289855072,
        "profit": 6.410736096047217,
        "risked": 297.5,
        "roi": 2.1548692759822576
      },
      "LOW_PROB": {
        "wins": 62,
        "losses": 49,
        "total": 111,
        "winRate": 55.85585585585585,
        "profit": 13.47836770286034,
        "risked": 118,
        "roi": 11.422345510898593
      },
      "MOD_PROB": {
        "wins": 46,
        "losses": 32,
        "total": 78,
        "winRate": 58.97435897435898,
        "profit": 2.485264995810864,
        "risked": 79,
        "roi": 3.1459050579884353
      },
      "GOOD_PROB": {
        "wins": 100,
        "losses": 61,
        "total": 161,
        "winRate": 62.11180124223602,
        "profit": -10.709774405632528,
        "risked": 172.5,
        "roi": -6.2085648728304506
      }
    },
    "ev": {
      "NEG_EV": {
        "wins": 306,
        "losses": 81,
        "total": 387,
        "winRate": 79.06976744186046,
        "profit": 4.510238613734848,
        "risked": 411.5,
        "roi": 1.0960482657921866
      },
      "MOD_EV": {
        "wins": 39,
        "losses": 17,
        "total": 56,
        "winRate": 69.64285714285714,
        "profit": 14.082914847696005,
        "risked": 61,
        "roi": 23.086745651960662
      },
      "LOW_EV": {
        "wins": 69,
        "losses": 39,
        "total": 108,
        "winRate": 63.888888888888886,
        "profit": 1.2514217096262223,
        "risked": 116,
        "roi": 1.0788118186432951
      },
      "VERY_HIGH_EV": {
        "wins": 14,
        "losses": 24,
        "total": 38,
        "winRate": 36.84210526315789,
        "profit": -9.576103896103897,
        "risked": 41,
        "roi": -23.356350966107065
      },
      "HIGH_EV": {
        "wins": 12,
        "losses": 8,
        "total": 20,
        "winRate": 60,
        "profit": 4.504602826510721,
        "risked": 20,
        "roi": 22.523014132553605
      },
      "GOOD_EV": {
        "wins": 7,
        "losses": 10,
        "total": 17,
        "winRate": 41.17647058823529,
        "profit": -3.108479712378016,
        "risked": 17.5,
        "roi": -17.762741213588665
      }
    },
    "side": {
      "HOME": {
        "wins": 321,
        "losses": 109,
        "total": 430,
        "winRate": 74.65116279069768,
        "profit": -6.315553864193022,
        "risked": 454,
        "roi": -1.3910911595138815
      },
      "AWAY": {
        "wins": 126,
        "losses": 70,
        "total": 196,
        "winRate": 64.28571428571429,
        "profit": 17.980148253278905,
        "risked": 213,
        "roi": 8.44138415646897
      }
    }
  },
  "totalBets": 626,
  "lastUpdated": "2025-12-21T13:52:04.230Z",
  "config": {
    "fGradeCap": 0.5,
    "minSampleSize": 30,
    "unitThresholds": {
      "elite": 5.5,
      "high": 4.5,
      "good": 3.5,
      "moderate": 2.5,
      "low": 0
    },
    "maxWeightContribution": {
      "grade": 2,
      "odds": 2,
      "probability": 1.5,
      "ev": 1,
      "side": 0.5
    }
  }
}