{
  "weights": {
    "grade": {
      "A": 1.2252160401396404,
      "A+": 0.8199996857167117,
      "B": 1.217004971394268,
      "D": 1.036153621103841,
      "C": 0.9792076417101709,
      "B+": 1,
      "F": 0.8948204520929793
    },
    "odds": {
      "HEAVY_FAV": 1.0209834642918785,
      "BIG_FAV": 1.0123264979711233,
      "SLIGHT_FAV": 1.1137510534712354,
      "MOD_FAV": 0.901064066306189,
      "BIG_DOG": 1,
      "SLIGHT_DOG": 1.362324269537433,
      "PICKEM": 1.020049073685316
    },
    "probability": {
      "HIGH_PROB": 1.0464121297534563,
      "LOW_PROB": 1.254868970578826,
      "MOD_PROB": 1.0371145691319108,
      "GOOD_PROB": 0.8764622677286988
    },
    "ev": {
      "NEG_EV": 1.0219174547728047,
      "MOD_EV": 1.2956218795233128,
      "LOW_EV": 1.0559124818264805,
      "VERY_HIGH_EV": 0.7408604889333262,
      "HIGH_EV": 1.507866018715327,
      "GOOD_EV": 0.5563205807250247
    },
    "side": {
      "HOME": 0.9907598419743481,
      "AWAY": 1.1449153395964031
    }
  },
  "performance": {
    "grade": {
      "A": {
        "wins": 92,
        "losses": 59,
        "total": 151,
        "winRate": 60.9271523178808,
        "profit": 18.78981774592049,
        "risked": 164,
        "roi": 11.457205942634447
      },
      "A+": {
        "wins": 35,
        "losses": 28,
        "total": 63,
        "winRate": 55.55555555555556,
        "profit": -5.732464922344475,
        "risked": 63,
        "roi": -9.099150670388054
      },
      "B": {
        "wins": 46,
        "losses": 20,
        "total": 66,
        "winRate": 69.6969696969697,
        "profit": 7.662754315873149,
        "risked": 69.5,
        "roi": 11.025545778234747
      },
      "D": {
        "wins": 42,
        "losses": 11,
        "total": 53,
        "winRate": 79.24528301886792,
        "profit": 0.9946580988463998,
        "risked": 55,
        "roi": 1.808469270629818
      },
      "C": {
        "wins": 185,
        "losses": 57,
        "total": 242,
        "winRate": 76.44628099173553,
        "profit": -2.7397880739152147,
        "risked": 263.5,
        "roi": -1.0397677699867987
      },
      "B+": {
        "wins": 5,
        "losses": 0,
        "total": 5,
        "winRate": 100,
        "profit": 1.6444113402936935,
        "risked": 5,
        "roi": 32.88822680587387
      },
      "F": {
        "wins": 69,
        "losses": 21,
        "total": 90,
        "winRate": 76.66666666666667,
        "profit": -4.988182537399891,
        "risked": 94.5,
        "roi": -5.278500039576604
      }
    },
    "odds": {
      "HEAVY_FAV": {
        "wins": 232,
        "losses": 32,
        "total": 264,
        "winRate": 87.87878787878788,
        "profit": 3.006322545355695,
        "risked": 286.5,
        "roi": 1.0493272409618484
      },
      "BIG_FAV": {
        "wins": 77,
        "losses": 32,
        "total": 109,
        "winRate": 70.64220183486239,
        "profit": 0.7149730954047842,
        "risked": 116,
        "roi": 0.6163561167282622
      },
      "SLIGHT_FAV": {
        "wins": 62,
        "losses": 41,
        "total": 103,
        "winRate": 60.19417475728155,
        "profit": 5.940766923016615,
        "risked": 104,
        "roi": 5.712275887515976
      },
      "MOD_FAV": {
        "wins": 51,
        "losses": 33,
        "total": 84,
        "winRate": 60.71428571428571,
        "profit": -4.417098852768641,
        "risked": 89,
        "roi": -4.963032418841169
      },
      "BIG_DOG": {
        "wins": 0,
        "losses": 3,
        "total": 3,
        "winRate": 0,
        "profit": -3,
        "risked": 3,
        "roi": -100
      },
      "SLIGHT_DOG": {
        "wins": 30,
        "losses": 32,
        "total": 62,
        "winRate": 48.38709677419355,
        "profit": 12.904999999999996,
        "risked": 68,
        "roi": 18.97794117647058
      },
      "PICKEM": {
        "wins": 22,
        "losses": 23,
        "total": 45,
        "winRate": 48.888888888888886,
        "profit": 0.48124225626569406,
        "risked": 48,
        "roi": 1.0025880338868627
      }
    },
    "probability": {
      "HIGH_PROB": {
        "wins": 254,
        "losses": 42,
        "total": 296,
        "winRate": 85.8108108108108,
        "profit": 7.373222827733851,
        "risked": 317.5,
        "roi": 2.3222749063728667
      },
      "LOW_PROB": {
        "wins": 70,
        "losses": 58,
        "total": 128,
        "winRate": 54.6875,
        "profit": 17.917156086138178,
        "risked": 137.5,
        "roi": 13.030658971736855
      },
      "MOD_PROB": {
        "wins": 46,
        "losses": 33,
        "total": 79,
        "winRate": 58.22784810126582,
        "profit": 1.485264995810864,
        "risked": 80,
        "roi": 1.8565812447635797
      },
      "GOOD_PROB": {
        "wins": 104,
        "losses": 63,
        "total": 167,
        "winRate": 62.27544910179641,
        "profit": -11.144437942408741,
        "risked": 179.5,
        "roi": -6.208600525018797
      }
    },
    "ev": {
      "NEG_EV": {
        "wins": 306,
        "losses": 81,
        "total": 387,
        "winRate": 79.06976744186046,
        "profit": 4.510238613734848,
        "risked": 411.5,
        "roi": 1.0960482657921866
      },
      "MOD_EV": {
        "wins": 47,
        "losses": 23,
        "total": 70,
        "winRate": 67.14285714285714,
        "profit": 11.426826746161998,
        "risked": 75,
        "roi": 15.235768994882665
      },
      "LOW_EV": {
        "wins": 78,
        "losses": 41,
        "total": 119,
        "winRate": 65.54621848739495,
        "profit": 3.582134783861762,
        "risked": 128,
        "roi": 2.798542799892002
      },
      "VERY_HIGH_EV": {
        "wins": 17,
        "losses": 25,
        "total": 42,
        "winRate": 40.476190476190474,
        "profit": -5.9666794356722415,
        "risked": 45,
        "roi": -13.259287634827203
      },
      "HIGH_EV": {
        "wins": 16,
        "losses": 10,
        "total": 26,
        "winRate": 61.53846153846154,
        "profit": 9.569602826510721,
        "risked": 28.5,
        "roi": 33.5775537772306
      },
      "GOOD_EV": {
        "wins": 10,
        "losses": 16,
        "total": 26,
        "winRate": 38.46153846153847,
        "profit": -7.490917567322944,
        "risked": 26.5,
        "roi": -28.267613461596014
      }
    },
    "side": {
      "HOME": {
        "wins": 331,
        "losses": 113,
        "total": 444,
        "winRate": 74.54954954954955,
        "profit": -2.1738090439257363,
        "risked": 470.5,
        "roi": -0.46202105078124045
      },
      "AWAY": {
        "wins": 143,
        "losses": 83,
        "total": 226,
        "winRate": 63.27433628318584,
        "profit": 17.80501501119988,
        "risked": 244,
        "roi": 7.297137299672082
      }
    }
  },
  "totalBets": 670,
  "lastUpdated": "2025-12-31T12:55:02.090Z",
  "config": {
    "fGradeCap": 0.5,
    "minSampleSize": 30,
    "unitThresholds": {
      "elite": 5.5,
      "high": 4.5,
      "good": 3.5,
      "moderate": 2.5,
      "low": 0
    },
    "maxWeightContribution": {
      "grade": 2,
      "odds": 2,
      "probability": 1.5,
      "ev": 1,
      "side": 0.5
    }
  }
}