{
  "weights": {
    "grade": {
      "A": 1.2581797373568464,
      "A+": 0.8199996857167117,
      "B": 1.188245636150604,
      "D": 1.036153621103841,
      "C": 0.9792076417101709,
      "B+": 1,
      "F": 0.8948204520929793
    },
    "odds": {
      "HEAVY_FAV": 1.021144258286479,
      "BIG_FAV": 0.9644050639124854,
      "SLIGHT_FAV": 1.0755522398003614,
      "MOD_FAV": 1.0381237103088714,
      "BIG_DOG": 1,
      "SLIGHT_DOG": 1.405465387349858,
      "PICKEM": 0.9318084435819212
    },
    "probability": {
      "HIGH_PROB": 1.0526904726703126,
      "LOW_PROB": 1.195146321039697,
      "MOD_PROB": 1.0628352080505719,
      "GOOD_PROB": 0.8910574959885615
    },
    "ev": {
      "NEG_EV": 1.0219174547728047,
      "MOD_EV": 1.4057159366798209,
      "LOW_EV": 1.0296213420534799,
      "VERY_HIGH_EV": 0.5641249196767346,
      "HIGH_EV": 1.3615598429679738,
      "GOOD_EV": 0.7750570464705017
    },
    "side": {
      "HOME": 0.9849418990935811,
      "AWAY": 1.1544542121339911
    }
  },
  "performance": {
    "grade": {
      "A": {
        "wins": 78,
        "losses": 48,
        "total": 126,
        "winRate": 61.904761904761905,
        "profit": 18.35892270157683,
        "risked": 139,
        "roi": 13.207858058688368
      },
      "A+": {
        "wins": 35,
        "losses": 28,
        "total": 63,
        "winRate": 55.55555555555556,
        "profit": -5.732464922344475,
        "risked": 63,
        "roi": -9.099150670388054
      },
      "B": {
        "wins": 40,
        "losses": 19,
        "total": 59,
        "winRate": 67.79661016949152,
        "profit": 5.858420138520103,
        "risked": 61.5,
        "roi": 9.525886404097728
      },
      "D": {
        "wins": 42,
        "losses": 11,
        "total": 53,
        "winRate": 79.24528301886792,
        "profit": 0.9946580988463998,
        "risked": 55,
        "roi": 1.808469270629818
      },
      "C": {
        "wins": 185,
        "losses": 57,
        "total": 242,
        "winRate": 76.44628099173553,
        "profit": -2.7397880739152147,
        "risked": 263.5,
        "roi": -1.0397677699867987
      },
      "B+": {
        "wins": 5,
        "losses": 0,
        "total": 5,
        "winRate": 100,
        "profit": 1.6444113402936935,
        "risked": 5,
        "roi": 32.88822680587387
      },
      "F": {
        "wins": 69,
        "losses": 21,
        "total": 90,
        "winRate": 76.66666666666667,
        "profit": -4.988182537399891,
        "risked": 94.5,
        "roi": -5.278500039576604
      }
    },
    "odds": {
      "HEAVY_FAV": {
        "wins": 228,
        "losses": 31,
        "total": 259,
        "winRate": 88.03088803088804,
        "profit": 2.9764979839521866,
        "risked": 281.5,
        "roi": 1.057370509396869
      },
      "BIG_FAV": {
        "wins": 71,
        "losses": 32,
        "total": 103,
        "winRate": 68.93203883495146,
        "profit": -1.958548924621795,
        "risked": 110,
        "roi": -1.78049902238345
      },
      "SLIGHT_FAV": {
        "wins": 59,
        "losses": 41,
        "total": 100,
        "winRate": 59,
        "profit": 3.82267266602784,
        "risked": 101,
        "roi": 3.7848244218097427
      },
      "MOD_FAV": {
        "wins": 51,
        "losses": 28,
        "total": 79,
        "winRate": 64.55696202531645,
        "profit": 1.5829011472313592,
        "risked": 83,
        "roi": 1.9071098159413966
      },
      "BIG_DOG": {
        "wins": 0,
        "losses": 4,
        "total": 4,
        "winRate": 0,
        "profit": -4,
        "risked": 4,
        "roi": -100
      },
      "SLIGHT_DOG": {
        "wins": 26,
        "losses": 26,
        "total": 52,
        "winRate": 50,
        "profit": 12.474999999999998,
        "risked": 58,
        "roi": 21.50862068965517
      },
      "PICKEM": {
        "wins": 19,
        "losses": 22,
        "total": 41,
        "winRate": 46.34146341463415,
        "profit": -1.5025461270121454,
        "risked": 44,
        "roi": -3.4148775613912394
      }
    },
    "probability": {
      "HIGH_PROB": {
        "wins": 243,
        "losses": 37,
        "total": 280,
        "winRate": 86.78571428571429,
        "profit": 7.950451785872108,
        "risked": 301.5,
        "roi": 2.636965766458411
      },
      "LOW_PROB": {
        "wins": 63,
        "losses": 54,
        "total": 117,
        "winRate": 53.84615384615385,
        "profit": 12.503367702860338,
        "risked": 126.5,
        "roi": 9.884085140601059
      },
      "MOD_PROB": {
        "wins": 46,
        "losses": 32,
        "total": 78,
        "winRate": 58.97435897435898,
        "profit": 2.485264995810864,
        "risked": 79,
        "roi": 3.1459050579884353
      },
      "GOOD_PROB": {
        "wins": 102,
        "losses": 61,
        "total": 163,
        "winRate": 62.57668711656442,
        "profit": -9.543107738965862,
        "risked": 174.5,
        "roi": -5.46882964983717
      }
    },
    "ev": {
      "NEG_EV": {
        "wins": 306,
        "losses": 81,
        "total": 387,
        "winRate": 79.06976744186046,
        "profit": 4.510238613734848,
        "risked": 411.5,
        "roi": 1.0960482657921866
      },
      "MOD_EV": {
        "wins": 41,
        "losses": 18,
        "total": 59,
        "winRate": 69.49152542372882,
        "profit": 13.775113429256288,
        "risked": 64,
        "roi": 21.523614733212952
      },
      "LOW_EV": {
        "wins": 72,
        "losses": 40,
        "total": 112,
        "winRate": 64.28571428571429,
        "profit": 1.7778006065087162,
        "risked": 120,
        "roi": 1.48150050542393
      },
      "VERY_HIGH_EV": {
        "wins": 14,
        "losses": 24,
        "total": 38,
        "winRate": 36.84210526315789,
        "profit": -9.576103896103897,
        "risked": 41,
        "roi": -23.356350966107065
      },
      "HIGH_EV": {
        "wins": 13,
        "losses": 10,
        "total": 23,
        "winRate": 56.52173913043478,
        "profit": 6.529602826510722,
        "risked": 25.5,
        "roi": 25.606285594159694
      },
      "GOOD_EV": {
        "wins": 8,
        "losses": 11,
        "total": 19,
        "winRate": 42.10526315789473,
        "profit": -3.6206748343292356,
        "risked": 19.5,
        "roi": -18.56756325297044
      }
    },
    "side": {
      "HOME": {
        "wins": 326,
        "losses": 112,
        "total": 438,
        "winRate": 74.42922374429224,
        "profit": -3.4975083006438608,
        "risked": 464.5,
        "roi": -0.7529619592344157
      },
      "AWAY": {
        "wins": 128,
        "losses": 72,
        "total": 200,
        "winRate": 64,
        "profit": 16.893485046221304,
        "risked": 217,
        "roi": 7.785016150332398
      }
    }
  },
  "totalBets": 638,
  "lastUpdated": "2025-12-22T11:42:46.294Z",
  "config": {
    "fGradeCap": 0.5,
    "minSampleSize": 30,
    "unitThresholds": {
      "elite": 5.5,
      "high": 4.5,
      "good": 3.5,
      "moderate": 2.5,
      "low": 0
    },
    "maxWeightContribution": {
      "grade": 2,
      "odds": 2,
      "probability": 1.5,
      "ev": 1,
      "side": 0.5
    }
  }
}