{
  "weights": {
    "grade": {
      "A": 1.2225156697192103,
      "A+": 0.8199996857167117,
      "B": 1.2990048484636394,
      "D": 1.036153621103841,
      "C": 0.9792076417101709,
      "B+": 1,
      "F": 0.8948204520929793
    },
    "odds": {
      "HEAVY_FAV": 1.031704026133265,
      "BIG_FAV": 1.0095388838647736,
      "SLIGHT_FAV": 1.1073209017558518,
      "MOD_FAV": 0.9244587750861532,
      "BIG_DOG": 1,
      "SLIGHT_DOG": 1.416297640776831,
      "PICKEM": 1.0115158014642158
    },
    "probability": {
      "HIGH_PROB": 1.0578454355196096,
      "LOW_PROB": 1.2792148978076088,
      "MOD_PROB": 1.052087435665486,
      "GOOD_PROB": 0.8817202717285907
    },
    "ev": {
      "NEG_EV": 1.0219174547728047,
      "MOD_EV": 1.3173100915042175,
      "LOW_EV": 1.112395873184554,
      "VERY_HIGH_EV": 0.7644395046858813,
      "HIGH_EV": 1.5705514743594753,
      "GOOD_EV": 0.4826190867906881
    },
    "side": {
      "HOME": 0.9860624915062343,
      "AWAY": 1.1887701968986368
    }
  },
  "performance": {
    "grade": {
      "A": {
        "wins": 107,
        "losses": 67,
        "total": 174,
        "winRate": 61.49425287356321,
        "profit": 21.159169173346974,
        "risked": 187,
        "roi": 11.315063729062553
      },
      "A+": {
        "wins": 35,
        "losses": 28,
        "total": 63,
        "winRate": 55.55555555555556,
        "profit": -5.732464922344475,
        "risked": 63,
        "roi": -9.099150670388054
      },
      "B": {
        "wins": 51,
        "losses": 21,
        "total": 72,
        "winRate": 70.83333333333334,
        "profit": 11.643096196215028,
        "risked": 75.5,
        "roi": 15.421319465185467
      },
      "D": {
        "wins": 42,
        "losses": 11,
        "total": 53,
        "winRate": 79.24528301886792,
        "profit": 0.9946580988463998,
        "risked": 55,
        "roi": 1.808469270629818
      },
      "C": {
        "wins": 185,
        "losses": 57,
        "total": 242,
        "winRate": 76.44628099173553,
        "profit": -2.7397880739152147,
        "risked": 263.5,
        "roi": -1.0397677699867987
      },
      "B+": {
        "wins": 5,
        "losses": 0,
        "total": 5,
        "winRate": 100,
        "profit": 1.6444113402936935,
        "risked": 5,
        "roi": 32.88822680587387
      },
      "F": {
        "wins": 69,
        "losses": 21,
        "total": 90,
        "winRate": 76.66666666666667,
        "profit": -4.988182537399891,
        "risked": 94.5,
        "roi": -5.278500039576604
      }
    },
    "odds": {
      "HEAVY_FAV": {
        "wins": 238,
        "losses": 32,
        "total": 270,
        "winRate": 88.14814814814815,
        "profit": 4.638268283233636,
        "risked": 292.5,
        "roi": 1.5857327464046618
      },
      "BIG_FAV": {
        "wins": 79,
        "losses": 33,
        "total": 112,
        "winRate": 70.53571428571429,
        "profit": 0.567580805155351,
        "risked": 119,
        "roi": 0.47695865979441265
      },
      "SLIGHT_FAV": {
        "wins": 63,
        "losses": 42,
        "total": 105,
        "winRate": 60,
        "profit": 5.709997692247384,
        "risked": 106,
        "roi": 5.38679027570508
      },
      "MOD_FAV": {
        "wins": 54,
        "losses": 34,
        "total": 88,
        "winRate": 61.36363636363637,
        "profit": -3.5193715800413683,
        "risked": 93,
        "roi": -3.7842705161735144
      },
      "BIG_DOG": {
        "wins": 0,
        "losses": 3,
        "total": 3,
        "winRate": 0,
        "profit": -3,
        "risked": 3,
        "roi": -100
      },
      "SLIGHT_DOG": {
        "wins": 36,
        "losses": 36,
        "total": 72,
        "winRate": 50,
        "profit": 17.284999999999997,
        "risked": 78,
        "roi": 22.16025641025641
      },
      "PICKEM": {
        "wins": 24,
        "losses": 25,
        "total": 49,
        "winRate": 48.97959183673469,
        "profit": 0.2994240744475123,
        "risked": 52,
        "roi": 0.5758155277836774
      }
    },
    "probability": {
      "HIGH_PROB": {
        "wins": 263,
        "losses": 43,
        "total": 306,
        "winRate": 85.94771241830065,
        "profit": 9.482776275362362,
        "risked": 327.5,
        "roi": 2.895504206217515
      },
      "LOW_PROB": {
        "wins": 76,
        "losses": 63,
        "total": 139,
        "winRate": 54.67625899280576,
        "profit": 21.297156086138177,
        "risked": 148.5,
        "roi": 14.341519249924698
      },
      "MOD_PROB": {
        "wins": 48,
        "losses": 34,
        "total": 82,
        "winRate": 58.536585365853654,
        "profit": 2.1635866741325422,
        "risked": 83,
        "roi": 2.60673093268981
      },
      "GOOD_PROB": {
        "wins": 107,
        "losses": 65,
        "total": 172,
        "winRate": 62.2093023255814,
        "profit": -10.962619760590561,
        "risked": 184.5,
        "roi": -5.941799328233366
      }
    },
    "ev": {
      "NEG_EV": {
        "wins": 306,
        "losses": 81,
        "total": 387,
        "winRate": 79.06976744186046,
        "profit": 4.510238613734848,
        "risked": 411.5,
        "roi": 1.0960482657921866
      },
      "MOD_EV": {
        "wins": 56,
        "losses": 25,
        "total": 81,
        "winRate": 69.1358024691358,
        "profit": 14.132087264497578,
        "risked": 86,
        "roi": 16.432659609880904
      },
      "LOW_EV": {
        "wins": 83,
        "losses": 42,
        "total": 125,
        "winRate": 66.4,
        "profit": 7.562476664203643,
        "risked": 134,
        "roi": 5.64363930164451
      },
      "VERY_HIGH_EV": {
        "wins": 19,
        "losses": 27,
        "total": 46,
        "winRate": 41.30434782608695,
        "profit": -5.8816794356722415,
        "risked": 49,
        "roi": -12.003427419739268
      },
      "HIGH_EV": {
        "wins": 18,
        "losses": 11,
        "total": 29,
        "winRate": 62.06896551724138,
        "profit": 10.678693735601628,
        "risked": 31.5,
        "roi": 33.90061503365596
      },
      "GOOD_EV": {
        "wins": 12,
        "losses": 19,
        "total": 31,
        "winRate": 38.70967741935484,
        "profit": -9.020917567322943,
        "risked": 31.5,
        "roi": -28.637833547056964
      }
    },
    "side": {
      "HOME": {
        "wins": 336,
        "losses": 116,
        "total": 452,
        "winRate": 74.33628318584071,
        "profit": -3.334764848949338,
        "risked": 478.5,
        "roi": -0.696920553594428
      },
      "AWAY": {
        "wins": 158,
        "losses": 89,
        "total": 247,
        "winRate": 63.96761133603239,
        "profit": 25.31566412399185,
        "risked": 265,
        "roi": 9.553080801506358
      }
    }
  },
  "totalBets": 699,
  "lastUpdated": "2026-01-02T13:51:41.067Z",
  "config": {
    "fGradeCap": 0.5,
    "minSampleSize": 30,
    "unitThresholds": {
      "elite": 5.5,
      "high": 4.5,
      "good": 3.5,
      "moderate": 2.5,
      "low": 0
    },
    "maxWeightContribution": {
      "grade": 2,
      "odds": 2,
      "probability": 1.5,
      "ev": 1,
      "side": 0.5
    }
  }
}