{
  "weights": {
    "grade": {
      "A": 1.1187571772789597,
      "A+": 0.8199996857167117,
      "B": 1.007274645309961,
      "D": 1.036153621103841,
      "C": 0.9597776357904635,
      "B+": 1,
      "F": 0.8948204520929793
    },
    "odds": {
      "HEAVY_FAV": 1.0067595596256322,
      "BIG_FAV": 1.0046216011370175,
      "SLIGHT_FAV": 1.1543727706827367,
      "MOD_FAV": 0.9709377457351113,
      "BIG_DOG": 0.672338398775097,
      "SLIGHT_DOG": 1.1313250467956888,
      "PICKEM": 0.8713135750471898
    },
    "probability": {
      "HIGH_PROB": 1.0601093693368613,
      "LOW_PROB": 1.057130384025603,
      "MOD_PROB": 1.027640018548748,
      "GOOD_PROB": 0.8989184374917456
    },
    "ev": {
      "NEG_EV": 1.0219174547728047,
      "MOD_EV": 1.1911482580653951,
      "LOW_EV": 0.9263136338417987,
      "VERY_HIGH_EV": 0.8299303595400472,
      "HIGH_EV": 1.4423001187873696,
      "GOOD_EV": 0.6576876393394934
    },
    "side": {
      "HOME": 0.9687355895324169,
      "AWAY": 1.0819288902414972
    }
  },
  "performance": {
    "grade": {
      "A": {
        "wins": 190,
        "losses": 148,
        "total": 338,
        "winRate": 56.213017751479285,
        "profit": 21.68645319743848,
        "risked": 363.5,
        "roi": 5.966011883751989
      },
      "A+": {
        "wins": 35,
        "losses": 28,
        "total": 63,
        "winRate": 55.55555555555556,
        "profit": -5.732464922344475,
        "risked": 63,
        "roi": -9.099150670388054
      },
      "B": {
        "wins": 70,
        "losses": 42,
        "total": 112,
        "winRate": 62.5,
        "profit": 0.42193687111449707,
        "risked": 116,
        "roi": 0.3637386819952561
      },
      "D": {
        "wins": 42,
        "losses": 11,
        "total": 53,
        "winRate": 79.24528301886792,
        "profit": 0.9946580988463998,
        "risked": 55,
        "roi": 1.808469270629818
      },
      "C": {
        "wins": 186,
        "losses": 60,
        "total": 246,
        "winRate": 75.60975609756098,
        "profit": -5.3826452167723575,
        "risked": 267.5,
        "roi": -2.0122038193541525
      },
      "B+": {
        "wins": 5,
        "losses": 0,
        "total": 5,
        "winRate": 100,
        "profit": 1.6444113402936935,
        "risked": 5,
        "roi": 32.88822680587387
      },
      "F": {
        "wins": 69,
        "losses": 21,
        "total": 90,
        "winRate": 76.66666666666667,
        "profit": -4.988182537399891,
        "risked": 94.5,
        "roi": -5.278500039576604
      }
    },
    "odds": {
      "HEAVY_FAV": {
        "wins": 253,
        "losses": 41,
        "total": 294,
        "winRate": 86.05442176870748,
        "profit": 1.0883056754214477,
        "risked": 322,
        "roi": 0.337983129012872
      },
      "BIG_FAV": {
        "wins": 95,
        "losses": 40,
        "total": 135,
        "winRate": 70.37037037037037,
        "profit": 0.3281360169821612,
        "risked": 142,
        "roi": 0.23108170210011356
      },
      "SLIGHT_FAV": {
        "wins": 82,
        "losses": 52,
        "total": 134,
        "winRate": 61.19402985074627,
        "profit": 10.504140228389366,
        "risked": 135,
        "roi": 7.780844613621753
      },
      "MOD_FAV": {
        "wins": 75,
        "losses": 46,
        "total": 121,
        "winRate": 61.98347107438017,
        "profit": -1.882311025535993,
        "risked": 129.5,
        "roi": -1.4535220274409213
      },
      "BIG_DOG": {
        "wins": 5,
        "losses": 16,
        "total": 21,
        "winRate": 23.809523809523807,
        "profit": -5.33,
        "risked": 21,
        "roi": -25.380952380952383
      },
      "SLIGHT_DOG": {
        "wins": 55,
        "losses": 74,
        "total": 129,
        "winRate": 42.63565891472868,
        "profit": 9.014999999999995,
        "risked": 136.5,
        "roi": 6.6043956043956005
      },
      "PICKEM": {
        "wins": 32,
        "losses": 41,
        "total": 73,
        "winRate": 43.83561643835616,
        "profit": -5.079104064080626,
        "risked": 78.5,
        "roi": -6.470196259975319
      }
    },
    "probability": {
      "HIGH_PROB": {
        "wins": 308,
        "losses": 63,
        "total": 371,
        "winRate": 83.01886792452831,
        "profit": 12.081520667528778,
        "risked": 401.5,
        "roi": 3.009096056669683
      },
      "LOW_PROB": {
        "wins": 101,
        "losses": 118,
        "total": 219,
        "winRate": 46.118721461187214,
        "profit": 6.577156086138175,
        "risked": 230,
        "roi": 2.8596330809296413
      },
      "MOD_PROB": {
        "wins": 57,
        "losses": 46,
        "total": 103,
        "winRate": 55.33980582524271,
        "profit": 1.4722059715018396,
        "risked": 106.5,
        "roi": 1.3823530248843565
      },
      "GOOD_PROB": {
        "wins": 131,
        "losses": 83,
        "total": 214,
        "winRate": 61.21495327102804,
        "profit": -11.486715893992432,
        "risked": 226.5,
        "roi": -5.071397745692023
      }
    },
    "ev": {
      "NEG_EV": {
        "wins": 306,
        "losses": 81,
        "total": 387,
        "winRate": 79.06976744186046,
        "profit": 4.510238613734848,
        "risked": 411.5,
        "roi": 1.0960482657921866
      },
      "MOD_EV": {
        "wins": 91,
        "losses": 53,
        "total": 144,
        "winRate": 63.19444444444444,
        "profit": 14.804945712310213,
        "risked": 153,
        "roi": 9.676435106085107
      },
      "LOW_EV": {
        "wins": 102,
        "losses": 66,
        "total": 168,
        "winRate": 60.71428571428571,
        "profit": -6.5515398037540304,
        "risked": 177.5,
        "roi": -3.6910083401431155
      },
      "VERY_HIGH_EV": {
        "wins": 33,
        "losses": 45,
        "total": 78,
        "winRate": 42.30769230769231,
        "profit": -6.955404282254232,
        "risked": 81,
        "roi": -8.586918866980534
      },
      "HIGH_EV": {
        "wins": 35,
        "losses": 25,
        "total": 60,
        "winRate": 58.333333333333336,
        "profit": 16.034177011760356,
        "risked": 67.5,
        "roi": 23.754336313719048
      },
      "GOOD_EV": {
        "wins": 30,
        "losses": 40,
        "total": 70,
        "winRate": 42.857142857142854,
        "profit": -13.198250420620802,
        "risked": 74,
        "roi": -17.83547354137946
      }
    },
    "side": {
      "HOME": {
        "wins": 366,
        "losses": 145,
        "total": 511,
        "winRate": 71.62426614481409,
        "profit": -8.53796663298626,
        "risked": 546,
        "roi": -1.5637301525615859
      },
      "AWAY": {
        "wins": 231,
        "losses": 165,
        "total": 396,
        "winRate": 58.333333333333336,
        "profit": 17.18213346416261,
        "risked": 418.5,
        "roi": 4.105647183790349
      }
    }
  },
  "totalBets": 907,
  "lastUpdated": "2026-01-15T12:25:34.943Z",
  "config": {
    "fGradeCap": 0.5,
    "minSampleSize": 30,
    "unitThresholds": {
      "elite": 5.5,
      "high": 4.5,
      "good": 3.5,
      "moderate": 2.5,
      "low": 0
    },
    "maxWeightContribution": {
      "grade": 2,
      "odds": 2,
      "probability": 1.5,
      "ev": 1,
      "side": 0.5
    }
  }
}