{
  "weights": {
    "grade": {
      "A": 1.0750490262224597,
      "A+": 0.8199996857167117,
      "B": 1.2229023161643933,
      "D": 1.036153621103841,
      "C": 0.9643105463256403,
      "B+": 1,
      "F": 0.8948204520929793
    },
    "odds": {
      "HEAVY_FAV": 1.0190097936733185,
      "BIG_FAV": 1.0206109784238928,
      "SLIGHT_FAV": 1.1339282221082196,
      "MOD_FAV": 0.9863777600332303,
      "BIG_DOG": 0.7109086776568905,
      "SLIGHT_DOG": 1.0171842378579483,
      "PICKEM": 1.031851600208492
    },
    "probability": {
      "HIGH_PROB": 1.0565652862462174,
      "LOW_PROB": 1.0231341894876558,
      "MOD_PROB": 1.1024874461084002,
      "GOOD_PROB": 0.9068503776101382
    },
    "ev": {
      "NEG_EV": 1.0219174547728047,
      "MOD_EV": 1.1401068345279053,
      "LOW_EV": 1.0586078759136104,
      "VERY_HIGH_EV": 0.7338713903159321,
      "HIGH_EV": 1.4118482120183742,
      "GOOD_EV": 0.6297464665129632
    },
    "side": {
      "HOME": 0.9933965004110961,
      "AWAY": 1.0590098829005599
    }
  },
  "performance": {
    "grade": {
      "A": {
        "wins": 140,
        "losses": 109,
        "total": 249,
        "winRate": 56.22489959839358,
        "profit": 10.22589511562915,
        "risked": 272,
        "roi": 3.7595202630989526
      },
      "A+": {
        "wins": 35,
        "losses": 28,
        "total": 63,
        "winRate": 55.55555555555556,
        "profit": -5.732464922344475,
        "risked": 63,
        "roi": -9.099150670388054
      },
      "B": {
        "wins": 62,
        "losses": 27,
        "total": 89,
        "winRate": 69.66292134831461,
        "profit": 10.598603639914733,
        "risked": 93.5,
        "roi": 11.335404962475652
      },
      "D": {
        "wins": 42,
        "losses": 11,
        "total": 53,
        "winRate": 79.24528301886792,
        "profit": 0.9946580988463998,
        "risked": 55,
        "roi": 1.808469270629818
      },
      "C": {
        "wins": 185,
        "losses": 59,
        "total": 244,
        "winRate": 75.81967213114754,
        "profit": -4.739788073915214,
        "risked": 265.5,
        "roi": -1.785230912962416
      },
      "B+": {
        "wins": 5,
        "losses": 0,
        "total": 5,
        "winRate": 100,
        "profit": 1.6444113402936935,
        "risked": 5,
        "roi": 32.88822680587387
      },
      "F": {
        "wins": 69,
        "losses": 21,
        "total": 90,
        "winRate": 76.66666666666667,
        "profit": -4.988182537399891,
        "risked": 94.5,
        "roi": -5.278500039576604
      }
    },
    "odds": {
      "HEAVY_FAV": {
        "wins": 249,
        "losses": 38,
        "total": 287,
        "winRate": 86.7595818815331,
        "profit": 2.994403236397057,
        "risked": 315,
        "roi": 0.9506042020308118
      },
      "BIG_FAV": {
        "wins": 88,
        "losses": 36,
        "total": 124,
        "winRate": 70.96774193548387,
        "profit": 1.3502103038031565,
        "risked": 131,
        "roi": 1.0306948883993563
      },
      "SLIGHT_FAV": {
        "wins": 71,
        "losses": 46,
        "total": 117,
        "winRate": 60.68376068376068,
        "profit": 7.9495241983499785,
        "risked": 118,
        "roi": 6.736884913855914
      },
      "MOD_FAV": {
        "wins": 61,
        "losses": 37,
        "total": 98,
        "winRate": 62.244897959183675,
        "profit": -0.7254291519733039,
        "risked": 106.5,
        "roi": -0.6811541333082667
      },
      "BIG_DOG": {
        "wins": 2,
        "losses": 10,
        "total": 12,
        "winRate": 16.666666666666664,
        "profit": -5.48,
        "risked": 12,
        "roi": -45.66666666666667
      },
      "SLIGHT_DOG": {
        "wins": 38,
        "losses": 56,
        "total": 94,
        "winRate": 40.42553191489361,
        "profit": 0.8549999999999969,
        "risked": 99.5,
        "roi": 0.8592964824120572
      },
      "PICKEM": {
        "wins": 29,
        "losses": 32,
        "total": 61,
        "winRate": 47.540983606557376,
        "profit": 1.059424074447512,
        "risked": 66.5,
        "roi": 1.5931189089436273
      }
    },
    "probability": {
      "HIGH_PROB": {
        "wins": 286,
        "losses": 54,
        "total": 340,
        "winRate": 84.11764705882354,
        "profit": 10.48991679554966,
        "risked": 370.5,
        "roi": 2.8312865844938355
      },
      "LOW_PROB": {
        "wins": 82,
        "losses": 92,
        "total": 174,
        "winRate": 47.12643678160919,
        "profit": 2.117156086138177,
        "risked": 183,
        "roi": 1.1569158940645776
      },
      "MOD_PROB": {
        "wins": 52,
        "losses": 38,
        "total": 90,
        "winRate": 57.77777777777777,
        "profit": 4.8081700074658755,
        "risked": 93.5,
        "roi": 5.142427815471525
      },
      "GOOD_PROB": {
        "wins": 118,
        "losses": 71,
        "total": 189,
        "winRate": 62.43386243386243,
        "profit": -9.412110228129306,
        "risked": 201.5,
        "roi": -4.671022445721739
      }
    },
    "ev": {
      "NEG_EV": {
        "wins": 306,
        "losses": 81,
        "total": 387,
        "winRate": 79.06976744186046,
        "profit": 4.510238613734848,
        "risked": 411.5,
        "roi": 1.0960482657921866
      },
      "MOD_EV": {
        "wins": 68,
        "losses": 39,
        "total": 107,
        "winRate": 63.55140186915887,
        "profit": 8.180003788645003,
        "risked": 116,
        "roi": 7.051727404004312
      },
      "LOW_EV": {
        "wins": 94,
        "losses": 50,
        "total": 144,
        "winRate": 65.27777777777779,
        "profit": 4.5179841079033505,
        "risked": 154,
        "roi": 2.9337559142229552
      },
      "VERY_HIGH_EV": {
        "wins": 25,
        "losses": 38,
        "total": 63,
        "winRate": 39.682539682539684,
        "profit": -8.998858922851728,
        "risked": 66,
        "roi": -13.634634731593525
      },
      "HIGH_EV": {
        "wins": 24,
        "losses": 18,
        "total": 42,
        "winRate": 57.14285714285714,
        "profit": 10.289120811440998,
        "risked": 47,
        "roi": 21.89174640732127
      },
      "GOOD_EV": {
        "wins": 21,
        "losses": 29,
        "total": 50,
        "winRate": 42,
        "profit": -10.495355737848069,
        "risked": 54,
        "roi": -19.435843958977905
      }
    },
    "side": {
      "HOME": {
        "wins": 355,
        "losses": 129,
        "total": 484,
        "winRate": 73.34710743801654,
        "profit": -1.715283950849976,
        "risked": 519.5,
        "roi": -0.33017977879691546
      },
      "AWAY": {
        "wins": 183,
        "losses": 126,
        "total": 309,
        "winRate": 59.22330097087378,
        "profit": 9.718416611874368,
        "risked": 329,
        "roi": 2.9539260218463124
      }
    }
  },
  "totalBets": 793,
  "lastUpdated": "2026-01-07T12:19:54.990Z",
  "config": {
    "fGradeCap": 0.5,
    "minSampleSize": 30,
    "unitThresholds": {
      "elite": 5.5,
      "high": 4.5,
      "good": 3.5,
      "moderate": 2.5,
      "low": 0
    },
    "maxWeightContribution": {
      "grade": 2,
      "odds": 2,
      "probability": 1.5,
      "ev": 1,
      "side": 0.5
    }
  }
}