{
  "weights": {
    "grade": {
      "A": 1.1221979083876925,
      "A+": 0.8199996857167117,
      "B": 1.229703261167975,
      "D": 1.036153621103841,
      "C": 0.9717293644915005,
      "B+": 1,
      "F": 0.8948204520929793
    },
    "odds": {
      "HEAVY_FAV": 1.0212654788247815,
      "BIG_FAV": 1.0361413333648752,
      "SLIGHT_FAV": 1.127402565697238,
      "MOD_FAV": 0.9863777600332303,
      "BIG_DOG": 0.753566952792236,
      "SLIGHT_DOG": 1.1533949790618578,
      "PICKEM": 0.9779501533514651
    },
    "probability": {
      "HIGH_PROB": 1.064494725454984,
      "LOW_PROB": 1.1091605076171402,
      "MOD_PROB": 1.0645188567155834,
      "GOOD_PROB": 0.8986095284216813
    },
    "ev": {
      "NEG_EV": 1.0219174547728047,
      "MOD_EV": 1.2228465512469966,
      "LOW_EV": 1.073762745218226,
      "VERY_HIGH_EV": 0.7338186341521159,
      "HIGH_EV": 1.4140607655667017,
      "GOOD_EV": 0.6844075045490756
    },
    "side": {
      "HOME": 1.0077207740316372,
      "AWAY": 1.078903282697755
    }
  },
  "performance": {
    "grade": {
      "A": {
        "wins": 134,
        "losses": 96,
        "total": 230,
        "winRate": 58.26086956521739,
        "profit": 15.382159126480868,
        "risked": 250.5,
        "roi": 6.140582485621105
      },
      "A+": {
        "wins": 35,
        "losses": 28,
        "total": 63,
        "winRate": 55.55555555555556,
        "profit": -5.732464922344475,
        "risked": 63,
        "roi": -9.099150670388054
      },
      "B": {
        "wins": 60,
        "losses": 26,
        "total": 86,
        "winRate": 69.76744186046511,
        "profit": 10.641366018498008,
        "risked": 91,
        "roi": 11.693808811536273
      },
      "D": {
        "wins": 42,
        "losses": 11,
        "total": 53,
        "winRate": 79.24528301886792,
        "profit": 0.9946580988463998,
        "risked": 55,
        "roi": 1.808469270629818
      },
      "C": {
        "wins": 185,
        "losses": 58,
        "total": 243,
        "winRate": 76.13168724279835,
        "profit": -3.7397880739152147,
        "risked": 264.5,
        "roi": -1.4139085345615179
      },
      "B+": {
        "wins": 5,
        "losses": 0,
        "total": 5,
        "winRate": 100,
        "profit": 1.6444113402936935,
        "risked": 5,
        "roi": 32.88822680587387
      },
      "F": {
        "wins": 69,
        "losses": 21,
        "total": 90,
        "winRate": 76.66666666666667,
        "profit": -4.988182537399891,
        "risked": 94.5,
        "roi": -5.278500039576604
      }
    },
    "odds": {
      "HEAVY_FAV": {
        "wins": 246,
        "losses": 37,
        "total": 283,
        "winRate": 86.92579505300353,
        "profit": 3.307280557509067,
        "risked": 311,
        "roi": 1.0634342628646516
      },
      "BIG_FAV": {
        "wins": 88,
        "losses": 35,
        "total": 123,
        "winRate": 71.54471544715447,
        "profit": 2.3502103038031565,
        "risked": 130,
        "roi": 1.807854079848582
      },
      "SLIGHT_FAV": {
        "wins": 69,
        "losses": 45,
        "total": 114,
        "winRate": 60.526315789473685,
        "profit": 7.365673266672959,
        "risked": 115,
        "roi": 6.4049332753677914
      },
      "MOD_FAV": {
        "wins": 61,
        "losses": 37,
        "total": 98,
        "winRate": 62.244897959183675,
        "profit": -0.7254291519733039,
        "risked": 106.5,
        "roi": -0.6811541333082667
      },
      "BIG_DOG": {
        "wins": 2,
        "losses": 9,
        "total": 11,
        "winRate": 18.181818181818183,
        "profit": -4.48,
        "risked": 11,
        "roi": -40.72727272727273
      },
      "SLIGHT_DOG": {
        "wins": 37,
        "losses": 48,
        "total": 85,
        "winRate": 43.529411764705884,
        "profit": 7.034999999999997,
        "risked": 91,
        "roi": 7.730769230769227
      },
      "PICKEM": {
        "wins": 27,
        "losses": 29,
        "total": 56,
        "winRate": 48.214285714285715,
        "profit": -0.6505759255524879,
        "risked": 59,
        "roi": -1.102671060258454
      }
    },
    "probability": {
      "HIGH_PROB": {
        "wins": 283,
        "losses": 52,
        "total": 335,
        "winRate": 84.4776119402985,
        "profit": 11.802794116661671,
        "risked": 365.5,
        "roi": 3.2292186365695406
      },
      "LOW_PROB": {
        "wins": 82,
        "losses": 84,
        "total": 166,
        "winRate": 49.39759036144578,
        "profit": 9.617156086138177,
        "risked": 175.5,
        "roi": 5.479861017742551
      },
      "MOD_PROB": {
        "wins": 50,
        "losses": 35,
        "total": 85,
        "winRate": 58.82352941176471,
        "profit": 2.7781700074658757,
        "risked": 86,
        "roi": 3.2304302412393904
      },
      "GOOD_PROB": {
        "wins": 115,
        "losses": 69,
        "total": 184,
        "winRate": 62.5,
        "profit": -9.995961159806324,
        "risked": 196.5,
        "roi": -5.0870031347614875
      }
    },
    "ev": {
      "NEG_EV": {
        "wins": 306,
        "losses": 81,
        "total": 387,
        "winRate": 79.06976744186046,
        "profit": 4.510238613734848,
        "risked": 411.5,
        "roi": 1.0960482657921866
      },
      "MOD_EV": {
        "wins": 67,
        "losses": 34,
        "total": 101,
        "winRate": 66.33663366336634,
        "profit": 12.46571807435929,
        "risked": 110,
        "roi": 11.332470976690264
      },
      "LOW_EV": {
        "wins": 92,
        "losses": 48,
        "total": 140,
        "winRate": 65.71428571428571,
        "profit": 5.560746486486624,
        "risked": 150.5,
        "roi": 3.694848163778488
      },
      "VERY_HIGH_EV": {
        "wins": 23,
        "losses": 35,
        "total": 58,
        "winRate": 39.6551724137931,
        "profit": -8.318858922851728,
        "risked": 61,
        "roi": -13.637473644019227
      },
      "HIGH_EV": {
        "wins": 21,
        "losses": 15,
        "total": 36,
        "winRate": 58.333333333333336,
        "profit": 8.47967053657843,
        "risked": 38.5,
        "roi": 22.02511827682709
      },
      "GOOD_EV": {
        "wins": 21,
        "losses": 27,
        "total": 48,
        "winRate": 43.75,
        "profit": -8.495355737848069,
        "risked": 52,
        "roi": -16.33722257278475
      }
    },
    "side": {
      "HOME": {
        "wins": 354,
        "losses": 125,
        "total": 479,
        "winRate": 73.90396659707724,
        "profit": 1.9862085864634569,
        "risked": 514.5,
        "roi": 0.3860463724904678
      },
      "AWAY": {
        "wins": 176,
        "losses": 115,
        "total": 291,
        "winRate": 60.48109965635739,
        "profit": 12.215950463995927,
        "risked": 309,
        "roi": 3.9533820271831477
      }
    }
  },
  "totalBets": 770,
  "lastUpdated": "2026-01-05T11:23:39.638Z",
  "config": {
    "fGradeCap": 0.5,
    "minSampleSize": 30,
    "unitThresholds": {
      "elite": 5.5,
      "high": 4.5,
      "good": 3.5,
      "moderate": 2.5,
      "low": 0
    },
    "maxWeightContribution": {
      "grade": 2,
      "odds": 2,
      "probability": 1.5,
      "ev": 1,
      "side": 0.5
    }
  }
}