{
  "weights": {
    "grade": {
      "A": 1.2811331556680747,
      "A+": 0.8199996857167117,
      "B": 0.9360513657431615,
      "D": 1.036153621103841,
      "C": 0.9792076417101709,
      "B+": 1,
      "F": 0.8948204520929793
    },
    "odds": {
      "HEAVY_FAV": 1.0130886307516371,
      "BIG_FAV": 0.9214649579667185,
      "SLIGHT_FAV": 1.1016200395878515,
      "MOD_FAV": 0.9664155657238347,
      "BIG_DOG": 1,
      "SLIGHT_DOG": 1.2729050805631326,
      "PICKEM": 0.8496726937047716
    },
    "probability": {
      "HIGH_PROB": 1.0252965271678116,
      "LOW_PROB": 1.1470178154649746,
      "MOD_PROB": 1.0925907860846606,
      "GOOD_PROB": 0.8477417048227284
    },
    "ev": {
      "NEG_EV": 1.0219174547728047,
      "MOD_EV": 1.2651845635277394,
      "LOW_EV": 0.8947035544040639,
      "VERY_HIGH_EV": 0.7164165010505331,
      "HIGH_EV": 1.134016399406671,
      "GOOD_EV": 0.9289688929651032
    },
    "side": {
      "HOME": 0.9686722316823861,
      "AWAY": 1.0915499594745237
    }
  },
  "performance": {
    "grade": {
      "A": {
        "wins": 57,
        "losses": 33,
        "total": 90,
        "winRate": 63.33333333333333,
        "profit": 13.940006369698645,
        "risked": 96.5,
        "roi": 14.445602455646265
      },
      "A+": {
        "wins": 35,
        "losses": 28,
        "total": 63,
        "winRate": 55.55555555555556,
        "profit": -5.732464922344475,
        "risked": 63,
        "roi": -9.099150670388054
      },
      "B": {
        "wins": 28,
        "losses": 17,
        "total": 45,
        "winRate": 62.22222222222222,
        "profit": -1.5208554721414593,
        "risked": 47.5,
        "roi": -3.2018009939820193
      },
      "D": {
        "wins": 42,
        "losses": 11,
        "total": 53,
        "winRate": 79.24528301886792,
        "profit": 0.9946580988463998,
        "risked": 55,
        "roi": 1.808469270629818
      },
      "C": {
        "wins": 185,
        "losses": 57,
        "total": 242,
        "winRate": 76.44628099173553,
        "profit": -2.7397880739152147,
        "risked": 263.5,
        "roi": -1.0397677699867987
      },
      "B+": {
        "wins": 5,
        "losses": 0,
        "total": 5,
        "winRate": 100,
        "profit": 1.6444113402936935,
        "risked": 5,
        "roi": 32.88822680587387
      },
      "F": {
        "wins": 69,
        "losses": 21,
        "total": 90,
        "winRate": 76.66666666666667,
        "profit": -4.988182537399891,
        "risked": 94.5,
        "roi": -5.278500039576604
      }
    },
    "odds": {
      "HEAVY_FAV": {
        "wins": 223,
        "losses": 31,
        "total": 254,
        "winRate": 87.79527559055119,
        "profit": 1.8096065420607452,
        "risked": 276.5,
        "roi": 0.6544689121377018
      },
      "BIG_FAV": {
        "wins": 66,
        "losses": 32,
        "total": 98,
        "winRate": 67.3469387755102,
        "profit": -4.13159794778002,
        "risked": 105,
        "roi": -3.9348551883619236
      },
      "SLIGHT_FAV": {
        "wins": 55,
        "losses": 37,
        "total": 92,
        "winRate": 59.78260869565217,
        "profit": 4.741698959855784,
        "risked": 93,
        "roi": 5.098601032102993
      },
      "MOD_FAV": {
        "wins": 46,
        "losses": 28,
        "total": 74,
        "winRate": 62.16216216216216,
        "profit": -1.3102857149957505,
        "risked": 78,
        "roi": -1.6798534807637828
      },
      "BIG_DOG": {
        "wins": 0,
        "losses": 1,
        "total": 1,
        "winRate": 0,
        "profit": -1,
        "risked": 1,
        "roi": -100
      },
      "SLIGHT_DOG": {
        "wins": 15,
        "losses": 17,
        "total": 32,
        "winRate": 46.875,
        "profit": 4.4799999999999995,
        "risked": 32,
        "roi": 13.999999999999998
      },
      "PICKEM": {
        "wins": 16,
        "losses": 21,
        "total": 37,
        "winRate": 43.24324324324324,
        "profit": -2.9916370361030546,
        "risked": 39.5,
        "roi": -7.573764648362164
      }
    },
    "probability": {
      "HIGH_PROB": {
        "wins": 232,
        "losses": 37,
        "total": 269,
        "winRate": 86.2453531598513,
        "profit": 3.6751046222578494,
        "risked": 290.5,
        "roi": 1.2650962555104472
      },
      "LOW_PROB": {
        "wins": 51,
        "losses": 42,
        "total": 93,
        "winRate": 54.83870967741935,
        "profit": 7.1083677028603365,
        "risked": 96,
        "roi": 7.404549690479517
      },
      "MOD_PROB": {
        "wins": 44,
        "losses": 29,
        "total": 73,
        "winRate": 60.273972602739725,
        "profit": 3.4356997784195595,
        "risked": 74,
        "roi": 4.64283753840481
      },
      "GOOD_PROB": {
        "wins": 94,
        "losses": 59,
        "total": 153,
        "winRate": 61.43790849673203,
        "profit": -12.621387300500038,
        "risked": 164.5,
        "roi": -7.672575866565372
      }
    },
    "ev": {
      "NEG_EV": {
        "wins": 306,
        "losses": 81,
        "total": 387,
        "winRate": 79.06976744186046,
        "profit": 4.510238613734848,
        "risked": 411.5,
        "roi": 1.0960482657921866
      },
      "MOD_EV": {
        "wins": 28,
        "losses": 15,
        "total": 43,
        "winRate": 65.11627906976744,
        "profit": 6.38440867399148,
        "risked": 47,
        "roi": 13.583848242535062
      },
      "LOW_EV": {
        "wins": 60,
        "losses": 38,
        "total": 98,
        "winRate": 61.224489795918366,
        "profit": -5.601475004152844,
        "risked": 106,
        "roi": -5.284410381276268
      },
      "VERY_HIGH_EV": {
        "wins": 12,
        "losses": 20,
        "total": 32,
        "winRate": 37.5,
        "profit": -4.665194805194806,
        "risked": 32,
        "roi": -14.578733766233768
      },
      "HIGH_EV": {
        "wins": 8,
        "losses": 5,
        "total": 13,
        "winRate": 61.53846153846154,
        "profit": 2.078287037037037,
        "risked": 13,
        "roi": 15.98682336182336
      },
      "GOOD_EV": {
        "wins": 7,
        "losses": 8,
        "total": 15,
        "winRate": 46.666666666666664,
        "profit": -1.1084797123780161,
        "risked": 15.5,
        "roi": -7.151482015342039
      }
    },
    "side": {
      "HOME": {
        "wins": 312,
        "losses": 104,
        "total": 416,
        "winRate": 75,
        "profit": -6.894365063886573,
        "risked": 440,
        "roi": -1.5669011508833122
      },
      "AWAY": {
        "wins": 109,
        "losses": 63,
        "total": 172,
        "winRate": 63.372093023255815,
        "profit": 8.492149866924272,
        "risked": 185,
        "roi": 4.590351279418526
      }
    }
  },
  "totalBets": 588,
  "lastUpdated": "2025-12-18T13:30:41.651Z",
  "config": {
    "fGradeCap": 0.5,
    "minSampleSize": 30,
    "unitThresholds": {
      "elite": 5.5,
      "high": 4.5,
      "good": 3.5,
      "moderate": 2.5,
      "low": 0
    },
    "maxWeightContribution": {
      "grade": 2,
      "odds": 2,
      "probability": 1.5,
      "ev": 1,
      "side": 0.5
    }
  }
}