{
  "weights": {
    "grade": {
      "A": 1.1189753550697183,
      "A+": 0.8199996857167117,
      "B": 1.0215217397683285,
      "D": 1.036153621103841,
      "C": 0.9792076417101709,
      "B+": 1,
      "F": 0.8948204520929793
    },
    "odds": {
      "HEAVY_FAV": 0.9991790879583465,
      "BIG_FAV": 0.9125865588456598,
      "SLIGHT_FAV": 1.1422327578564662,
      "MOD_FAV": 0.9267312846511756,
      "BIG_DOG": 1,
      "SLIGHT_DOG": 0.9640223781749303,
      "PICKEM": 0.8969059240691515
    },
    "probability": {
      "HIGH_PROB": 1.0093749478132346,
      "LOW_PROB": 1.046895189213459,
      "MOD_PROB": 1.0711771452412435,
      "GOOD_PROB": 0.8546643389876134
    },
    "ev": {
      "NEG_EV": 1.0219174547728047,
      "MOD_EV": 1.2257906326222152,
      "LOW_EV": 0.925045851685383,
      "VERY_HIGH_EV": 0.4822664149907038,
      "HIGH_EV": 0.9692912392190468,
      "GOOD_EV": 0.9289688929651032
    },
    "side": {
      "HOME": 0.9474163278808893,
      "AWAY": 1.0662952373395427
    }
  },
  "performance": {
    "grade": {
      "A": {
        "wins": 48,
        "losses": 32,
        "total": 80,
        "winRate": 60,
        "profit": 4.9310886207808995,
        "risked": 82.5,
        "roi": 5.97707711609806
      },
      "A+": {
        "wins": 35,
        "losses": 28,
        "total": 63,
        "winRate": 55.55555555555556,
        "profit": -5.732464922344475,
        "risked": 63,
        "roi": -9.099150670388054
      },
      "B": {
        "wins": 24,
        "losses": 13,
        "total": 37,
        "winRate": 64.86486486486487,
        "profit": 0.41973873909105,
        "risked": 39,
        "roi": 1.0762531771565382
      },
      "D": {
        "wins": 42,
        "losses": 11,
        "total": 53,
        "winRate": 79.24528301886792,
        "profit": 0.9946580988463998,
        "risked": 55,
        "roi": 1.808469270629818
      },
      "C": {
        "wins": 185,
        "losses": 57,
        "total": 242,
        "winRate": 76.44628099173553,
        "profit": -2.7397880739152147,
        "risked": 263.5,
        "roi": -1.0397677699867987
      },
      "B+": {
        "wins": 5,
        "losses": 0,
        "total": 5,
        "winRate": 100,
        "profit": 1.6444113402936935,
        "risked": 5,
        "roi": 32.88822680587387
      },
      "F": {
        "wins": 69,
        "losses": 21,
        "total": 90,
        "winRate": 76.66666666666667,
        "profit": -4.988182537399891,
        "risked": 94.5,
        "roi": -5.278500039576604
      }
    },
    "odds": {
      "HEAVY_FAV": {
        "wins": 221,
        "losses": 31,
        "total": 252,
        "winRate": 87.6984126984127,
        "profit": -0.11102837857417527,
        "risked": 270.5,
        "roi": -0.04104561130283744
      },
      "BIG_FAV": {
        "wins": 65,
        "losses": 32,
        "total": 97,
        "winRate": 67.0103092783505,
        "profit": -4.557129862673637,
        "risked": 104,
        "roi": -4.38185563718619
      },
      "SLIGHT_FAV": {
        "wins": 54,
        "losses": 35,
        "total": 89,
        "winRate": 60.67415730337079,
        "profit": 6.408365626522451,
        "risked": 89.5,
        "roi": 7.160185057566984
      },
      "MOD_FAV": {
        "wins": 42,
        "losses": 27,
        "total": 69,
        "winRate": 60.86956521739131,
        "profit": -2.679109083819119,
        "risked": 73,
        "roi": -3.6700124435878347
      },
      "BIG_DOG": {
        "wins": 0,
        "losses": 2,
        "total": 2,
        "winRate": 0,
        "profit": -2,
        "risked": 2,
        "roi": -100
      },
      "SLIGHT_DOG": {
        "wins": 10,
        "losses": 15,
        "total": 25,
        "winRate": 40,
        "profit": -0.54,
        "risked": 25,
        "roi": -2.16
      },
      "PICKEM": {
        "wins": 16,
        "losses": 20,
        "total": 36,
        "winRate": 44.44444444444444,
        "profit": -1.9916370361030546,
        "risked": 38.5,
        "roi": -5.173083210657285
      }
    },
    "probability": {
      "HIGH_PROB": {
        "wins": 229,
        "losses": 37,
        "total": 266,
        "winRate": 86.09022556390977,
        "profit": 1.3289377867293115,
        "risked": 283.5,
        "roi": 0.46876112406677656
      },
      "LOW_PROB": {
        "wins": 46,
        "losses": 40,
        "total": 86,
        "winRate": 53.48837209302325,
        "profit": 2.0883677028603365,
        "risked": 89,
        "roi": 2.346480565011614
      },
      "MOD_PROB": {
        "wins": 43,
        "losses": 29,
        "total": 72,
        "winRate": 59.72222222222222,
        "profit": 2.602366445086226,
        "risked": 73,
        "roi": 3.5648855412140086
      },
      "GOOD_PROB": {
        "wins": 90,
        "losses": 56,
        "total": 146,
        "winRate": 61.64383561643836,
        "profit": -11.490210669323405,
        "risked": 157,
        "roi": -7.318605521862041
      }
    },
    "ev": {
      "NEG_EV": {
        "wins": 306,
        "losses": 81,
        "total": 387,
        "winRate": 79.06976744186046,
        "profit": 4.510238613734848,
        "risked": 411.5,
        "roi": 1.0960482657921866
      },
      "MOD_EV": {
        "wins": 23,
        "losses": 13,
        "total": 36,
        "winRate": 63.888888888888886,
        "profit": 4.135490925073731,
        "risked": 36,
        "roi": 11.487474791871476
      },
      "LOW_EV": {
        "wins": 56,
        "losses": 34,
        "total": 90,
        "winRate": 62.22222222222222,
        "profit": -3.6608807929203344,
        "risked": 97.5,
        "roi": -3.754749531200343
      },
      "VERY_HIGH_EV": {
        "wins": 10,
        "losses": 21,
        "total": 31,
        "winRate": 32.25806451612903,
        "profit": -8.885194805194805,
        "risked": 31,
        "roi": -28.661918726434855
      },
      "HIGH_EV": {
        "wins": 6,
        "losses": 5,
        "total": 11,
        "winRate": 54.54545454545454,
        "profit": -0.4617129629629628,
        "risked": 11,
        "roi": -4.197390572390571
      },
      "GOOD_EV": {
        "wins": 7,
        "losses": 8,
        "total": 15,
        "winRate": 46.666666666666664,
        "profit": -1.1084797123780161,
        "risked": 15.5,
        "roi": -7.151482015342039
      }
    },
    "side": {
      "HOME": {
        "wins": 305,
        "losses": 103,
        "total": 408,
        "winRate": 74.75490196078431,
        "profit": -11.263294662177872,
        "risked": 428,
        "roi": -2.6316109023780077
      },
      "AWAY": {
        "wins": 103,
        "losses": 59,
        "total": 162,
        "winRate": 63.580246913580254,
        "profit": 5.792755927530331,
        "risked": 174.5,
        "roi": 3.3196309040288434
      }
    }
  },
  "totalBets": 570,
  "lastUpdated": "2025-12-17T13:57:18.493Z",
  "config": {
    "fGradeCap": 0.5,
    "minSampleSize": 30,
    "unitThresholds": {
      "elite": 5.5,
      "high": 4.5,
      "good": 3.5,
      "moderate": 2.5,
      "low": 0
    },
    "maxWeightContribution": {
      "grade": 2,
      "odds": 2,
      "probability": 1.5,
      "ev": 1,
      "side": 0.5
    }
  }
}