{
  "weights": {
    "grade": {
      "A": 1.1576688014220227,
      "A+": 0.8199996857167117,
      "B": 1.2439858161642865,
      "D": 1.036153621103841,
      "C": 0.9717293644915005,
      "B+": 1,
      "F": 0.8948204520929793
    },
    "odds": {
      "HEAVY_FAV": 1.0312788810436229,
      "BIG_FAV": 1.0369942954899358,
      "SLIGHT_FAV": 1.1517766234642675,
      "MOD_FAV": 0.9850081943542508,
      "BIG_DOG": 1,
      "SLIGHT_DOG": 1.2002890902377779,
      "PICKEM": 0.9779501533514651
    },
    "probability": {
      "HIGH_PROB": 1.0756354334444933,
      "LOW_PROB": 1.1229566792204813,
      "MOD_PROB": 1.0645188567155834,
      "GOOD_PROB": 0.9064190808653936
    },
    "ev": {
      "NEG_EV": 1.0219174547728047,
      "MOD_EV": 1.2465751889064978,
      "LOW_EV": 1.0783540442916963,
      "VERY_HIGH_EV": 0.7108448184620172,
      "HIGH_EV": 1.5184579541988303,
      "GOOD_EV": 0.6967091898430976
    },
    "side": {
      "HOME": 1.006274411654643,
      "AWAY": 1.1080887162041761
    }
  },
  "performance": {
    "grade": {
      "A": {
        "wins": 128,
        "losses": 88,
        "total": 216,
        "winRate": 59.25925925925925,
        "profit": 18.801177889268732,
        "risked": 236.5,
        "roi": 7.949758092714052
      },
      "A+": {
        "wins": 35,
        "losses": 28,
        "total": 63,
        "winRate": 55.55555555555556,
        "profit": -5.732464922344475,
        "risked": 63,
        "roi": -9.099150670388054
      },
      "B": {
        "wins": 57,
        "losses": 25,
        "total": 82,
        "winRate": 69.51219512195121,
        "profit": 10.8318422089742,
        "risked": 87,
        "roi": 12.450393343648505
      },
      "D": {
        "wins": 42,
        "losses": 11,
        "total": 53,
        "winRate": 79.24528301886792,
        "profit": 0.9946580988463998,
        "risked": 55,
        "roi": 1.808469270629818
      },
      "C": {
        "wins": 185,
        "losses": 58,
        "total": 243,
        "winRate": 76.13168724279835,
        "profit": -3.7397880739152147,
        "risked": 264.5,
        "roi": -1.4139085345615179
      },
      "B+": {
        "wins": 5,
        "losses": 0,
        "total": 5,
        "winRate": 100,
        "profit": 1.6444113402936935,
        "risked": 5,
        "roi": 32.88822680587387
      },
      "F": {
        "wins": 69,
        "losses": 21,
        "total": 90,
        "winRate": 76.66666666666667,
        "profit": -4.988182537399891,
        "risked": 94.5,
        "roi": -5.278500039576604
      }
    },
    "odds": {
      "HEAVY_FAV": {
        "wins": 243,
        "losses": 35,
        "total": 278,
        "winRate": 87.41007194244604,
        "profit": 4.787230432195783,
        "risked": 306,
        "roi": 1.5644543896064649
      },
      "BIG_FAV": {
        "wins": 86,
        "losses": 34,
        "total": 120,
        "winRate": 71.66666666666667,
        "profit": 2.3502103038031565,
        "risked": 127,
        "roi": 1.850559294333194
      },
      "SLIGHT_FAV": {
        "wins": 68,
        "losses": 43,
        "total": 111,
        "winRate": 61.261261261261254,
        "profit": 8.56567326667296,
        "risked": 112,
        "roi": 7.6479225595294285
      },
      "MOD_FAV": {
        "wins": 59,
        "losses": 36,
        "total": 95,
        "winRate": 62.10526315789474,
        "profit": -0.7758840733959672,
        "risked": 103.5,
        "roi": -0.7496464477255721
      },
      "BIG_DOG": {
        "wins": 1,
        "losses": 8,
        "total": 9,
        "winRate": 11.11111111111111,
        "profit": -5.5,
        "risked": 9,
        "roi": -61.111111111111114
      },
      "SLIGHT_DOG": {
        "wins": 37,
        "losses": 46,
        "total": 83,
        "winRate": 44.57831325301205,
        "profit": 9.034999999999997,
        "risked": 89,
        "roi": 10.151685393258424
      },
      "PICKEM": {
        "wins": 27,
        "losses": 29,
        "total": 56,
        "winRate": 48.214285714285715,
        "profit": -0.6505759255524879,
        "risked": 59,
        "roi": -1.102671060258454
      }
    },
    "probability": {
      "HIGH_PROB": {
        "wins": 277,
        "losses": 48,
        "total": 325,
        "winRate": 85.23076923076923,
        "profit": 13.469923478527875,
        "risked": 355.5,
        "roi": 3.789008010837658
      },
      "LOW_PROB": {
        "wins": 81,
        "losses": 81,
        "total": 162,
        "winRate": 50,
        "profit": 10.597156086138177,
        "risked": 171.5,
        "roi": 6.179099758681153
      },
      "MOD_PROB": {
        "wins": 50,
        "losses": 35,
        "total": 85,
        "winRate": 58.82352941176471,
        "profit": 2.7781700074658757,
        "risked": 86,
        "roi": 3.2304302412393904
      },
      "GOOD_PROB": {
        "wins": 113,
        "losses": 67,
        "total": 180,
        "winRate": 62.77777777777778,
        "profit": -9.033595568408474,
        "risked": 192.5,
        "roi": -4.692776918653753
      }
    },
    "ev": {
      "NEG_EV": {
        "wins": 306,
        "losses": 81,
        "total": 387,
        "winRate": 79.06976744186046,
        "profit": 4.510238613734848,
        "risked": 411.5,
        "roi": 1.0960482657921866
      },
      "MOD_EV": {
        "wins": 64,
        "losses": 32,
        "total": 96,
        "winRate": 66.66666666666666,
        "profit": 13.217557349967665,
        "risked": 105,
        "roi": 12.588149857112063
      },
      "LOW_EV": {
        "wins": 89,
        "losses": 47,
        "total": 136,
        "winRate": 65.44117647058823,
        "profit": 5.751222676962814,
        "risked": 146.5,
        "roi": 3.9257492675514087
      },
      "VERY_HIGH_EV": {
        "wins": 21,
        "losses": 34,
        "total": 55,
        "winRate": 38.18181818181819,
        "profit": -8.631679435672241,
        "risked": 58,
        "roi": -14.88220592357283
      },
      "HIGH_EV": {
        "wins": 21,
        "losses": 13,
        "total": 34,
        "winRate": 61.76470588235294,
        "profit": 10.47967053657843,
        "risked": 36.5,
        "roi": 28.71142612761214
      },
      "GOOD_EV": {
        "wins": 20,
        "losses": 24,
        "total": 44,
        "winRate": 45.45454545454545,
        "profit": -7.515355737848069,
        "risked": 48,
        "roi": -15.65699112051681
      }
    },
    "side": {
      "HOME": {
        "wins": 349,
        "losses": 122,
        "total": 471,
        "winRate": 74.09766454352442,
        "profit": 1.589015604007316,
        "risked": 506.5,
        "roi": 0.3137246997052944
      },
      "AWAY": {
        "wins": 172,
        "losses": 109,
        "total": 281,
        "winRate": 61.20996441281139,
        "profit": 16.22263839971612,
        "risked": 299,
        "roi": 5.425631571811412
      }
    }
  },
  "totalBets": 752,
  "lastUpdated": "2026-01-04T13:34:54.775Z",
  "config": {
    "fGradeCap": 0.5,
    "minSampleSize": 30,
    "unitThresholds": {
      "elite": 5.5,
      "high": 4.5,
      "good": 3.5,
      "moderate": 2.5,
      "low": 0
    },
    "maxWeightContribution": {
      "grade": 2,
      "odds": 2,
      "probability": 1.5,
      "ev": 1,
      "side": 0.5
    }
  }
}