{
  "weights": {
    "grade": {
      "A": 1.070548813849624,
      "A+": 0.3495267768719359,
      "B": 1.0138824547073504,
      "D": 1.0904234635314909,
      "C": 0.8076183465717934,
      "B+": 1.7007521809079862,
      "F": 0.5434615953377073
    },
    "odds": {
      "HEAVY_FAV": 1.07214152924506,
      "BIG_FAV": 1.068173803361772,
      "SLIGHT_FAV": 1.1525140429797243,
      "MOD_FAV": 0.9093360558063572,
      "BIG_DOG": 0.33315967936647484,
      "SLIGHT_DOG": 0.8433017650334866,
      "PICKEM": 0.392834855532581
    },
    "probability": {
      "HIGH_PROB": 1.1607171217924275,
      "LOW_PROB": 0.7392454013279368,
      "MOD_PROB": 1.0509077309968893,
      "GOOD_PROB": 0.622540664596191
    },
    "ev": {
      "NEG_EV": 1.0548024132896092,
      "MOD_EV": 1.1806308902676188,
      "LOW_EV": 0.8333506762319334,
      "VERY_HIGH_EV": 1.1856445804355,
      "HIGH_EV": 1.4604439772170954,
      "GOOD_EV": 0.09999999999999998
    },
    "side": {
      "HOME": 0.8660686584401243,
      "AWAY": 1.0394341366904245
    }
  },
  "performance": {
    "grade": {
      "A": {
        "wins": 238,
        "losses": 212,
        "total": 450,
        "winRate": 52.888888888888886,
        "profit": 6.786795892333828,
        "risked": 481,
        "roi": 1.4109762769924796,
        "avgModelProb": 0.5978,
        "actualWinRate": 0.5289,
        "calibError": -0.069
      },
      "A+": {
        "wins": 35,
        "losses": 28,
        "total": 63,
        "winRate": 55.55555555555556,
        "profit": -5.732464922344475,
        "risked": 63,
        "roi": -9.099150670388054,
        "avgModelProb": 0.6322,
        "actualWinRate": 0.5556,
        "calibError": -0.0767
      },
      "B": {
        "wins": 92,
        "losses": 55,
        "total": 147,
        "winRate": 62.585034013605444,
        "profit": 0.41925013216198015,
        "risked": 151,
        "roi": 0.2776490941470067,
        "avgModelProb": 0.639,
        "actualWinRate": 0.6259,
        "calibError": -0.0132
      },
      "D": {
        "wins": 42,
        "losses": 11,
        "total": 53,
        "winRate": 79.24528301886792,
        "profit": 0.9946580988463998,
        "risked": 55,
        "roi": 1.808469270629818,
        "avgModelProb": 0.7859,
        "actualWinRate": 0.7925,
        "calibError": 0.0065
      },
      "C": {
        "wins": 187,
        "losses": 60,
        "total": 247,
        "winRate": 75.7085020242915,
        "profit": -4.965978550105691,
        "risked": 268.5,
        "roi": -1.8495264618643168,
        "avgModelProb": 0.7309,
        "actualWinRate": 0.7571,
        "calibError": 0.0261
      },
      "B+": {
        "wins": 20,
        "losses": 3,
        "total": 23,
        "winRate": 86.95652173913044,
        "profit": 4.204513085447917,
        "risked": 23,
        "roi": 18.280491675860507,
        "avgModelProb": 0.7213,
        "actualWinRate": 0.8696,
        "calibError": 0.1483
      },
      "F": {
        "wins": 69,
        "losses": 21,
        "total": 90,
        "winRate": 76.66666666666667,
        "profit": -4.988182537399891,
        "risked": 94.5,
        "roi": -5.278500039576604,
        "avgModelProb": 0.7053,
        "actualWinRate": 0.7667,
        "calibError": 0.0614
      }
    },
    "odds": {
      "HEAVY_FAV": {
        "wins": 267,
        "losses": 41,
        "total": 308,
        "winRate": 86.68831168831169,
        "profit": 4.847910765268038,
        "risked": 336,
        "roi": 1.4428305849012018,
        "avgModelProb": 0.8273,
        "actualWinRate": 0.8669,
        "calibError": 0.0395
      },
      "BIG_FAV": {
        "wins": 115,
        "losses": 48,
        "total": 163,
        "winRate": 70.5521472392638,
        "profit": 2.358813596317315,
        "risked": 173,
        "roi": 1.3634760672354422,
        "avgModelProb": 0.7006,
        "actualWinRate": 0.7055,
        "calibError": 0.0049
      },
      "SLIGHT_FAV": {
        "wins": 94,
        "losses": 67,
        "total": 161,
        "winRate": 58.38509316770186,
        "profit": 4.941454992543066,
        "risked": 162,
        "roi": 3.0502808595944852,
        "avgModelProb": 0.5962,
        "actualWinRate": 0.5839,
        "calibError": -0.0124
      },
      "MOD_FAV": {
        "wins": 86,
        "losses": 52,
        "total": 138,
        "winRate": 62.31884057971014,
        "profit": -1.205236780662387,
        "risked": 146.5,
        "roi": -0.8226872222951447,
        "avgModelProb": 0.6546,
        "actualWinRate": 0.6232,
        "calibError": -0.0314
      },
      "BIG_DOG": {
        "wins": 10,
        "losses": 25,
        "total": 35,
        "winRate": 28.57142857142857,
        "profit": -3.3299999999999996,
        "risked": 35,
        "roi": -9.514285714285712,
        "avgModelProb": 0.3885,
        "actualWinRate": 0.2857,
        "calibError": -0.1027
      },
      "SLIGHT_DOG": {
        "wins": 69,
        "losses": 104,
        "total": 173,
        "winRate": 39.884393063583815,
        "profit": -2.685000000000005,
        "risked": 182,
        "roi": -1.475274725274728,
        "avgModelProb": 0.4803,
        "actualWinRate": 0.3988,
        "calibError": -0.0814
      },
      "PICKEM": {
        "wins": 42,
        "losses": 53,
        "total": 95,
        "winRate": 44.21052631578947,
        "profit": -8.209351374525957,
        "risked": 101.5,
        "roi": -8.088030910863012,
        "avgModelProb": 0.5584,
        "actualWinRate": 0.4421,
        "calibError": -0.1163
      }
    },
    "probability": {
      "HIGH_PROB": {
        "wins": 338,
        "losses": 73,
        "total": 411,
        "winRate": 82.23844282238443,
        "profit": 14.2877521273468,
        "risked": 444.5,
        "roi": 3.2143424358485486,
        "avgModelProb": 0.8107,
        "actualWinRate": 0.8224,
        "calibError": 0.0117
      },
      "LOW_PROB": {
        "wins": 122,
        "losses": 163,
        "total": 285,
        "winRate": 42.80701754385965,
        "profit": -7.780363951579881,
        "risked": 297.5,
        "roi": -2.615248387085674,
        "avgModelProb": 0.4763,
        "actualWinRate": 0.4281,
        "calibError": -0.0482
      },
      "MOD_PROB": {
        "wins": 66,
        "losses": 54,
        "total": 120,
        "winRate": 55.00000000000001,
        "profit": 1.267602501822545,
        "risked": 124.5,
        "roi": 1.018154619937787,
        "avgModelProb": 0.5748,
        "actualWinRate": 0.55,
        "calibError": -0.0248
      },
      "GOOD_PROB": {
        "wins": 157,
        "losses": 100,
        "total": 257,
        "winRate": 61.08949416342413,
        "profit": -11.056399478649384,
        "risked": 269.5,
        "roi": -4.102560103394948,
        "avgModelProb": 0.6503,
        "actualWinRate": 0.6109,
        "calibError": -0.0395
      }
    },
    "ev": {
      "NEG_EV": {
        "wins": 306,
        "losses": 81,
        "total": 387,
        "winRate": 79.06976744186046,
        "profit": 4.510238613734848,
        "risked": 411.5,
        "roi": 1.0960482657921866,
        "avgModelProb": 0.734,
        "actualWinRate": 0.7907,
        "calibError": 0.0567
      },
      "MOD_EV": {
        "wins": 112,
        "losses": 77,
        "total": 189,
        "winRate": 59.25925925925925,
        "profit": 7.297487966811797,
        "risked": 202,
        "roi": 3.612617805352375,
        "avgModelProb": 0.6162,
        "actualWinRate": 0.5926,
        "calibError": -0.0236
      },
      "LOW_EV": {
        "wins": 141,
        "losses": 82,
        "total": 223,
        "winRate": 63.22869955156951,
        "profit": -3.6689111223386464,
        "risked": 232.5,
        "roi": -1.5780262891779122,
        "avgModelProb": 0.6507,
        "actualWinRate": 0.6323,
        "calibError": -0.0184
      },
      "VERY_HIGH_EV": {
        "wins": 46,
        "losses": 53,
        "total": 99,
        "winRate": 46.464646464646464,