{
  "weights": {
    "grade": {
      "A": 1.2412812612012858,
      "A+": 0.848514810620072,
      "B": 1.0527929135057663,
      "D": 1.0152657261127729,
      "C": 0.9869194175145837,
      "B+": 1,
      "F": 0.8876910530075389
    },
    "odds": {
      "HEAVY_FAV": 0.9821184482434608,
      "BIG_FAV": 0.9788455812542941,
      "SLIGHT_FAV": 1.2556897229567985,
      "MOD_FAV": 1.1053093814435524,
      "BIG_DOG": 1,
      "SLIGHT_DOG": 0.8521127037893649,
      "PICKEM": 0.6746096293263377
    },
    "probability": {
      "HIGH_PROB": 0.9985008165062044,
      "LOW_PROB": 1.0013869069962544,
      "MOD_PROB": 0.8844672316161014,
      "GOOD_PROB": 1.0211468609948966
    },
    "ev": {
      "NEG_EV": 1.0202366260366027,
      "MOD_EV": 1.1842931111410286,
      "LOW_EV": 1.0781293127276912,
      "VERY_HIGH_EV": 0.6878288387962881,
      "HIGH_EV": 1,
      "GOOD_EV": 1
    },
    "side": {
      "HOME": 0.9829040614378901,
      "AWAY": 1.0061140950198157
    }
  },
  "performance": {
    "grade": {
      "A": {
        "wins": 25,
        "losses": 12,
        "total": 37,
        "winRate": 67.56756756756756,
        "profit": 4.55348140221955,
        "risked": 37,
        "roi": 12.30670649248527
      },
      "A+": {
        "wins": 35,
        "losses": 27,
        "total": 62,
        "winRate": 56.451612903225815,
        "profit": -4.732464922344475,
        "risked": 62,
        "roi": -7.6330079392652825
      },
      "B": {
        "wins": 12,
        "losses": 6,
        "total": 18,
        "winRate": 66.66666666666666,
        "profit": 0.7939468411441797,
        "risked": 18,
        "roi": 4.410815784134332
      },
      "D": {
        "wins": 7,
        "losses": 3,
        "total": 10,
        "winRate": 70,
        "profit": 0.22914618371712203,
        "risked": 10,
        "roi": 2.2914618371712203
      },
      "C": {
        "wins": 111,
        "losses": 31,
        "total": 142,
        "winRate": 78.16901408450704,
        "profit": -0.9287743304848506,
        "risked": 142,
        "roi": -0.6540664299189088
      },
      "B+": {
        "wins": 5,
        "losses": 0,
        "total": 5,
        "winRate": 100,
        "profit": 1.6444113402936935,
        "risked": 5,
        "roi": 32.88822680587387
      },
      "F": {
        "wins": 45,
        "losses": 14,
        "total": 59,
        "winRate": 76.27118644067797,
        "profit": -3.3271500818650814,
        "risked": 59,
        "roi": -5.639237426889968
      }
    },
    "odds": {
      "HEAVY_FAV": {
        "wins": 124,
        "losses": 17,
        "total": 141,
        "winRate": 87.94326241134752,
        "profit": -1.2607837887898758,
        "risked": 141,
        "roi": -0.8941728998509757
      },
      "BIG_FAV": {
        "wins": 42,
        "losses": 18,
        "total": 60,
        "winRate": 70,
        "profit": -0.6347272558174732,
        "risked": 60,
        "roi": -1.0578787596957886
      },
      "SLIGHT_FAV": {
        "wins": 32,
        "losses": 18,
        "total": 50,
        "winRate": 64,
        "profit": 6.537278671428672,
        "risked": 50,
        "roi": 13.074557342857346
      },
      "MOD_FAV": {
        "wins": 26,
        "losses": 13,
        "total": 39,
        "winRate": 66.66666666666666,
        "profit": 2.0611751262051374,
        "risked": 39,
        "roi": 5.285064426167018
      },
      "BIG_DOG": {
        "wins": 0,
        "losses": 1,
        "total": 1,
        "winRate": 0,
        "profit": -1,
        "risked": 1,
        "roi": -100
      },
      "SLIGHT_DOG": {
        "wins": 7,
        "losses": 12,
        "total": 19,
        "winRate": 36.84210526315789,
        "profit": -2.26,
        "risked": 19,
        "roi": -11.894736842105262
      },
      "PICKEM": {
        "wins": 9,
        "losses": 14,
        "total": 23,
        "winRate": 39.130434782608695,
        "profit": -5.21034632034632,
        "risked": 23,
        "roi": -22.65367965367965
      }
    },
    "probability": {
      "HIGH_PROB": {
        "wins": 124,
        "losses": 19,
        "total": 143,
        "winRate": 86.7132867132867,
        "profit": -0.10719170011270898,
        "risked": 143,
        "roi": -0.07495923084804823
      },
      "LOW_PROB": {
        "wins": 29,
        "losses": 23,
        "total": 52,
        "winRate": 55.769230769230774,
        "profit": 0.03605960502297467,
        "risked": 52,
        "roi": 0.06934539427495129
      },
      "MOD_PROB": {
        "wins": 25,
        "losses": 21,
        "total": 46,
        "winRate": 54.347826086956516,
        "profit": -2.6691721190194215,
        "risked": 46,
        "roi": -5.80254808482483
      },
      "GOOD_PROB": {
        "wins": 62,
        "losses": 30,
        "total": 92,
        "winRate": 67.3913043478261,
        "profit": 0.9729006467892958,
        "risked": 92,
        "roi": 1.0575007030318433
      }
    },
    "ev": {
      "NEG_EV": {
        "wins": 189,
        "losses": 50,
        "total": 239,
        "winRate": 79.07949790794979,
        "profit": 2.418607004249941,
        "risked": 239,
        "roi": 1.0119694578451637
      },
      "MOD_EV": {
        "wins": 11,
        "losses": 4,
        "total": 15,
        "winRate": 73.33333333333333,
        "profit": 2.900895504987577,
        "risked": 15,
        "roi": 19.339303366583845
      },
      "LOW_EV": {
        "wins": 22,
        "losses": 12,
        "total": 34,
        "winRate": 64.70588235294117,
        "profit": 1.3309107825094806,
        "risked": 34,
        "roi": 3.9144434779690602
      },
      "VERY_HIGH_EV": {
        "wins": 10,
        "losses": 17,
        "total": 27,
        "winRate": 37.03703703703704,
        "profit": -4.885194805194805,
        "risked": 27,
        "roi": -18.093314093314095
      },
      "HIGH_EV": {
        "wins": 6,
        "losses": 3,
        "total": 9,
        "winRate": 66.66666666666666,
        "profit": 1.538287037037037,
        "risked": 9,
        "roi": 17.092078189300413
      },
      "GOOD_EV": {
        "wins": 2,
        "losses": 7,
        "total": 9,
        "winRate": 22.22222222222222,
        "profit": -5.07090909090909,
        "risked": 9,
        "roi": -56.34343434343434
      }
    },
    "side": {
      "HOME": {
        "wins": 181,
        "losses": 59,
        "total": 240,
        "winRate": 75.41666666666667,
        "profit": -2.0517125284707656,
        "risked": 240,
        "roi": -0.8548802201961523
      },
      "AWAY": {
        "wins": 59,
        "losses": 34,
        "total": 93,
        "winRate": 63.44086021505376,
        "profit": 0.2843089611509051,
        "risked": 93,
        "roi": 0.3057085603773173
      }
    }
  },
  "totalBets": 333,
  "lastUpdated": "2025-12-06T12:33:31.490Z",
  "config": {
    "fGradeCap": 0.5,
    "minSampleSize": 30,
    "unitThresholds": {
      "elite": 5.5,
      "high": 4.5,
      "good": 3.5,
      "moderate": 2.5,
      "low": 0
    },
    "maxWeightContribution": {
      "grade": 2,
      "odds": 2,
      "probability": 1.5,
      "ev": 1,
      "side": 0.5
    }
  }
}