{
  "A|EXTREME_FAV": 1,
  "A+|MOD_FAV": 0.5,
  "A+|PICKEM": 0.5,
  "B|SLIGHT_FAV": 5,
  "A+|BIG_FAV": 3.9364570989478875,
  "A|MOD_FAV": 5,
  "A+|SLIGHT_FAV": 5,
  "A+|DOG": 3.1428571428571432,
  "A+|EXTREME_FAV": 0.5,
  "A|PICKEM": 3.667012000345333,
  "D|MOD_FAV": 5,
  "B|MOD_FAV": 0.5,
  "C|PICKEM": 0.5,
  "B+|EXTREME_FAV": 0.5,
  "B+|SLIGHT_FAV": 5,
  "B+|MOD_FAV": 5,
  "B|PICKEM": 5,
  "C|BIG_FAV": 4,
  "F|MOD_FAV": 0.5,
  "D|PICKEM": 0.5,
  "F|PICKEM": 0.5,
  "F|SLIGHT_FAV": 0.5,
  "D|BIG_FAV": 0.5,
  "D|EXTREME_FAV": 0.5,
  "F|EXTREME_FAV": 1.1660414585414585,
  "F|BIG_FAV": 4.667672605172606,
  "D|SLIGHT_FAV": 4.032480677217519,
  "C|SLIGHT_FAV": 0.5,
  "B|BIG_FAV": 3.731343283582089,
  "C|MOD_FAV": 5
}