{
  "0x6a72f61820b26b1fe4d956e17b6dc2a1ea3033ee": {
    "name": "kch123",
    "totalPnl": 11242857.422751667,
    "sportPnl": {
      "NHL": -880032,
      "NBA": -2000681,
      "CBB": -227124
    },
    "marketsTraded": 2126,
    "sportMarkets": {
      "NHL": 34,
      "NBA": 18,
      "CBB": 1
    },
    "lastSeen": 1773676442917,
    "tier": "ELITE",
    "builtAt": 1773676442917,
    "pnlHistory": [
      {
        "t": 1773676442917,
        "pnl": 11242857.422751667
      }
    ],
    "source": "leaderboard"
  },
  "0xdb27bf2ac5d428a9c63dbc914611036855a6c56e": {
    "name": "DrPufferfish",
    "totalPnl": 5861583.244635154,
    "sportPnl": {
      "CBB": 266804,
      "NBA": -1369923,
      "NFL": -208302,
      "MLB": -78658,
      "NHL": -219013
    },
    "marketsTraded": 1375,
    "sportMarkets": {
      "CBB": 28,
      "NBA": 189,
      "NFL": 30,
      "MLB": 25,
      "NHL": 14
    },
    "lastSeen": 1773676442917,
    "tier": "ELITE",
    "builtAt": 1773676442917,
    "pnlHistory": [
      {
        "t": 1773676442917,
        "pnl": 5861583.244635154
      }
    ],
    "source": "leaderboard"
  },
  "0x94f199fb7789f1aef7fff6b758d6b375100f4c7a": {
    "name": "KeyTransporter",
    "totalPnl": 5711459.802519929,
    "sportPnl": {
      "CBB": -177809
    },
    "marketsTraded": 14,
    "sportMarkets": {
      "CBB": 1
    },
    "lastSeen": 1773676442917,
    "tier": "ACTIVE",
    "builtAt": 1773676442917,
    "pnlHistory": [
      {
        "t": 1773676442917,
        "pnl": 5711459.802519929
      }
    ],
    "source": "leaderboard"
  },
  "0x2005d16a84ceefa912d4e380cd32e7ff827875ea": {
    "name": "RN1",
    "totalPnl": 5615172.954280076,
    "sportPnl": {
      "NHL": -2985,
      "NFL": -1159,
      "MLB": 6,
      "NBA": -35
    },
    "marketsTraded": 39614,
    "sportMarkets": {
      "NHL": 15,
      "NFL": 2,
      "MLB": 1,
      "NBA": 3
    },
    "lastSeen": 1773676442917,
    "tier": "ELITE",
    "builtAt": 1773676442917,
    "pnlHistory": [
      {
        "t": 1773676442917,
        "pnl": 5615172.954280076
      }
    ],
    "source": "leaderboard"
  },
  "0x204f72f35326db932158cba6adff0b9a1da95e14": {
    "name": "swisstony",
    "totalPnl": 5517300.43535363,
    "sportPnl": {
      "NBA": 4343,
      "NHL": 643,
      "NFL": 46
    },
    "marketsTraded": 59403,
    "sportMarkets": {
      "NBA": 18,
      "NHL": 5,
      "NFL": 1
    },
    "lastSeen": 1773676442917,
    "tier": "ELITE",
    "builtAt": 1773676442917,
    "pnlHistory": [
      {
        "t": 1773676442917,
        "pnl": 5517300.43535363
      }
    ],
    "source": "leaderboard"
  },
  "0xe90bec87d9ef430f27f9dcfe72c34b76967d5da2": {
    "name": "gmanas",
    "totalPnl": 4965425.616834357,
    "sportPnl": {
      "NBA": -695791,
      "NHL": -420908,
      "CBB": -80734,
      "NFL": -6007
    },
    "marketsTraded": 4907,
    "sportMarkets": {
      "NBA": 39,
      "NHL": 25,
      "CBB": 11,
      "NFL": 4
    },
    "lastSeen": 1773676442917,
    "tier": "ELITE",
    "builtAt": 1773676442917,
    "pnlHistory": [
      {
        "t": 1773676442917,
        "pnl": 4965425.616834357
      }
    ],
    "source": "leaderboard"
  },
  "0x006cc834cc092684f1b56626e23bedb3835c16ea": {
    "name": "0x006cc834Cc092684F1B56626E23BEdB3835c16ea-1729683673397",
    "totalPnl": 4539244.694742431,
    "sportPnl": {},
    "marketsTraded": 420,
    "sportMarkets": {},
    "lastSeen": 1773676442917,
    "tier": "ELITE",
    "builtAt": 1773676442917,
    "pnlHistory": [
      {
        "t": 1773676442917,
        "pnl": 4539244.694742431
      }
    ],
    "source": "leaderboard"
  },
  "0xdc876e6873772d38716fda7f2452a78d426d7ab6": {
    "name": "432614799197",
    "totalPnl": 4536876.761014929,
    "sportPnl": {
      "NBA": -17789,
      "NHL": -8042,
      "CBB": -3139,
      "NFL": -289
    },
    "marketsTraded": 4548,
    "sportMarkets": {
      "NBA": 291,
      "NHL": 78,
      "CBB": 27,
      "NFL": 2
    },
    "lastSeen": 1773676442917,
    "tier": "ELITE",
    "builtAt": 1773676442917,
    "pnlHistory": [
      {
        "t": 1773676442917,
        "pnl": 4536876.761014929
      }
    ],
    "source": "leaderboard"
  },
  "0x507e52ef684ca2dd91f90a9d26d149dd3288beae": {
    "name": "GamblingIsAllYouNeed",
    "totalPnl": 4458927.31956538,
    "sportPnl": {
      "NHL": 10155,
      "NBA": 3460,
      "NFL": 294
    },
    "marketsTraded": 41373,
    "sportMarkets": {
      "NHL": 8,
      "NBA": 13,
      "NFL": 2
    },
    "lastSeen": 1773676442917,
    "tier": "ELITE",
    "builtAt": 1773676442917,
    "pnlHistory": [
      {
        "t": 1773676442917,
        "pnl": 4458927.31956538
      }
    ],
    "source": "leaderboard"
  },
  "0x019782cab5d844f02bafb71f512758be78579f3c": {
    "name": "majorexploiter",
    "totalPnl": 3668541.581104434,
    "sportPnl": {},
    "marketsTraded": 3,
    "sportMarkets": {},
    "lastSeen": 1773676442917,
    "tier": "UNKNOWN",
    "builtAt": 1773676442917,
    "pnlHistory": [
      {
        "t": 1773676442917,
        "pnl": 3668541.581104434
      }
    ],
    "source": "leaderboard"
  },
  "0x16b29c50f2439faf627209b2ac0c7bbddaa8a881": {
    "name": "SeriouslySirius",
    "totalPnl": 3647620.466059101,
    "sportPnl": {
      "NBA": -4730,
      "NHL": -3007,
      "NFL": -1298,
      "CBB": -308
    },
    "marketsTraded": 6339,
    "sportMarkets": {
      "NBA": 157,
      "NHL": 138,
      "NFL": 44,
      "CBB": 16
    },
    "lastSeen": 1773676442917,
    "tier": "ELITE",
    "builtAt": 1773676442917,
    "pnlHistory": [
      {
        "t": 1773676442917,
        "pnl": 3647620.466059101
      }
    ],
    "source": "leaderboard"
  },
  "0x14964aefa2cd7caff7878b3820a690a03c5aa429": {
    "name": "gmpm",
    "totalPnl": 3389210.0794637073,
    "sportPnl": {},
    "marketsTraded": 794,
    "sportMarkets": {},
    "lastSeen": 1773676442917,
    "tier": "ELITE",
    "builtAt": 1773676442917,
    "pnlHistory": [
      {
        "t": 1773676442917,
        "pnl": 3389210.0794637073
      }
    ],
    "source": "leaderboard"
  },
  "0xc2e7800b5af46e6093872b177b7a5e7f0563be51": {
    "name": "beachboy4",
    "totalPnl": 3336318.9229790065,
    "sportPnl": {},
    "marketsTraded": 141,
    "sportMarkets": {},
    "lastSeen": 1773676442917,
    "tier": "ELITE",
    "builtAt": 1773676442917,
    "pnlHistory": [
      {
        "t": 1773676442917,
        "pnl": 3336318.9229790065
      }
    ],
    "source": "leaderboard"
  },
  "0x17db3fcd93ba12d38382a0cade24b200185c5f6d": {
    "name": "fengdubiying",
    "totalPnl": 3167056.768515911,
    "sportPnl": {
      "NHL": -32026,
      "NBA": -86273,
      "CBB": -28000
    },
    "marketsTraded": 121,
    "sportMarkets": {
      "NHL": 4,
      "NBA": 7,
      "CBB": 1
    },
    "lastSeen": 1773676442917,
    "tier": "ELITE",
    "builtAt": 1773676442917,
    "pnlHistory": [
      {
        "t": 1773676442917,
        "pnl": 3167056.768515911
      }
    ],
    "source": "leaderboard"
  },
  "0xd38b71f3e8ed1af71983e5c309eac3dfa9b35029": {
    "name": "primm",
    "totalPnl": 2647847.599575944,
    "sportPnl": {
      "CBB": -656055,
      "NBA": -369430,
      "MLB": -156499,
      "NFL": -1492618,
      "NHL": -372583
    },
    "marketsTraded": 551,
    "sportMarkets": {
      "CBB": 16,
      "NBA": 8,
      "MLB": 6,
      "NFL": 62,
      "NHL": 12
    },
    "lastSeen": 1773676442917,
    "tier": "ELITE",
    "builtAt": 1773676442917,
    "pnlHistory": [
      {
        "t": 1773676442917,
        "pnl": 2647847.599575944
      }
    ],
    "source": "leaderboard"
  },
  "0x6ccc8e8c4dc9ec01405275eea4f0a84b048e4f31": {
    "name": "Biisdf",
    "totalPnl": -29,
    "sportPnl": {
      "NHL": -29
    },
    "marketsTraded": 1,
    "sportMarkets": {
      "NHL": 1
    },
    "lastSeen": 1773675067000,
    "tier": "UNKNOWN",
    "builtAt": 1773676442917,
    "pnlHistory": [
      {
        "t": 1773676442917,
        "pnl": -29
      }
    ],