{
  "weights": {
    "grade": {
      "A": 1.0984983694985206,
      "A+": 0.848514810620072,
      "B": 1.0659242599804086,
      "D": 1.0152657261127729,
      "C": 0.9821183059307848,
      "B+": 1,
      "F": 0.8876910530075389
    },
    "odds": {
      "HEAVY_FAV": 0.9678699762951105,
      "BIG_FAV": 0.9649127431306687,
      "SLIGHT_FAV": 1.273571274750443,
      "MOD_FAV": 1.1597347413730046,
      "BIG_DOG": 1,
      "SLIGHT_DOG": 0.8521127037893649,
      "PICKEM": 0.5675534950807843
    },
    "probability": {
      "HIGH_PROB": 0.9854263624060674,
      "LOW_PROB": 0.8994533379541231,
      "MOD_PROB": 0.9317725755359701,
      "GOOD_PROB": 1.0037256844084124
    },
    "ev": {
      "NEG_EV": 1.0194125088352022,
      "MOD_EV": 1.1237005313572894,
      "LOW_EV": 1.09539099891873,
      "VERY_HIGH_EV": 0.6388752274963072,
      "HIGH_EV": 1,
      "GOOD_EV": 1
    },
    "side": {
      "HOME": 0.9677912738189157,
      "AWAY": 0.9740310789382636
    }
  },
  "performance": {
    "grade": {
      "A": {
        "wins": 21,
        "losses": 11,
        "total": 32,
        "winRate": 65.625,
        "profit": 1.5811004498385968,
        "risked": 32,
        "roi": 4.940938905745615
      },
      "A+": {
        "wins": 35,
        "losses": 27,
        "total": 62,
        "winRate": 56.451612903225815,
        "profit": -4.732464922344475,
        "risked": 62,
        "roi": -7.6330079392652825
      },
      "B": {
        "wins": 11,
        "losses": 5,
        "total": 16,
        "winRate": 68.75,
        "profit": 0.9939468411441796,
        "risked": 16,
        "roi": 6.212167757151123
      },
      "D": {
        "wins": 7,
        "losses": 3,
        "total": 10,
        "winRate": 70,
        "profit": 0.22914618371712203,
        "risked": 10,
        "roi": 2.2914618371712203
      },
      "C": {
        "wins": 100,
        "losses": 29,
        "total": 129,
        "winRate": 77.51937984496125,
        "profit": -1.1534922229113715,
        "risked": 129,
        "roi": -0.8941800177607531
      },
      "B+": {
        "wins": 5,
        "losses": 0,
        "total": 5,
        "winRate": 100,
        "profit": 1.6444113402936935,
        "risked": 5,
        "roi": 32.88822680587387
      },
      "F": {
        "wins": 45,
        "losses": 14,
        "total": 59,
        "winRate": 76.27118644067797,
        "profit": -3.3271500818650814,
        "risked": 59,
        "roi": -5.639237426889968
      }
    },
    "odds": {
      "HEAVY_FAV": {
        "wins": 116,
        "losses": 17,
        "total": 133,
        "winRate": 87.21804511278195,
        "profit": -2.1373822795783473,
        "risked": 133,
        "roi": -1.6070543455476296
      },
      "BIG_FAV": {
        "wins": 39,
        "losses": 17,
        "total": 56,
        "winRate": 69.64285714285714,
        "profit": -0.9828466574555228,
        "risked": 56,
        "roi": -1.755083316884862
      },
      "SLIGHT_FAV": {
        "wins": 31,
        "losses": 17,
        "total": 48,
        "winRate": 64.58333333333334,
        "profit": 6.7372786714286725,
        "risked": 48,
        "roi": 14.03599723214307
      },
      "MOD_FAV": {
        "wins": 26,
        "losses": 12,
        "total": 38,
        "winRate": 68.42105263157895,
        "profit": 3.0611751262051374,
        "risked": 38,
        "roi": 8.05572401632931
      },
      "BIG_DOG": {
        "wins": 0,
        "losses": 1,
        "total": 1,
        "winRate": 0,
        "profit": -1,
        "risked": 1,
        "roi": -100
      },
      "SLIGHT_DOG": {
        "wins": 7,
        "losses": 12,
        "total": 19,
        "winRate": 36.84210526315789,
        "profit": -2.26,
        "risked": 19,
        "roi": -11.894736842105262
      },
      "PICKEM": {
        "wins": 5,
        "losses": 13,
        "total": 18,
        "winRate": 27.77777777777778,
        "profit": -8.182727272727272,
        "risked": 18,
        "roi": -45.45959595959596
      }
    },
    "probability": {
      "HIGH_PROB": {
        "wins": 116,
        "losses": 19,
        "total": 135,
        "winRate": 85.92592592592592,
        "profit": -0.9837901909011801,
        "risked": 135,
        "roi": -0.728733474741615
      },
      "LOW_PROB": {
        "wins": 26,
        "losses": 23,
        "total": 49,
        "winRate": 53.06122448979592,
        "profit": -2.471745273025806,
        "risked": 49,
        "roi": -5.0443781082159305
      },
      "MOD_PROB": {
        "wins": 24,
        "losses": 19,
        "total": 43,
        "winRate": 55.81395348837209,
        "profit": -1.4691721190194216,
        "risked": 43,
        "roi": -3.4166793465567946
      },
      "GOOD_PROB": {
        "wins": 58,
        "losses": 28,
        "total": 86,
        "winRate": 67.44186046511628,
        "profit": 0.16020517081907426,
        "risked": 86,
        "roi": 0.18628508234776076
      }
    },
    "ev": {
      "NEG_EV": {
        "wins": 178,
        "losses": 48,
        "total": 226,
        "winRate": 78.76106194690266,
        "profit": 2.19388911182342,
        "risked": 226,
        "roi": 0.9707473946121327
      },
      "MOD_EV": {
        "wins": 10,
        "losses": 4,
        "total": 14,
        "winRate": 71.42857142857143,
        "profit": 1.9008955049875769,
        "risked": 14,
        "roi": 13.57782503562555
      },
      "LOW_EV": {
        "wins": 21,
        "losses": 11,
        "total": 32,
        "winRate": 65.625,
        "profit": 1.5309107825094805,
        "risked": 32,
        "roi": 4.784096195342126
      },
      "VERY_HIGH_EV": {
        "wins": 8,
        "losses": 16,
        "total": 24,
        "winRate": 33.33333333333333,
        "profit": -5.837575757575758,
        "risked": 24,
        "roi": -24.323232323232325
      },
      "HIGH_EV": {
        "wins": 6,
        "losses": 3,
        "total": 9,
        "winRate": 66.66666666666666,
        "profit": 1.538287037037037,
        "risked": 9,
        "roi": 17.092078189300413
      },
      "GOOD_EV": {
        "wins": 1,
        "losses": 7,
        "total": 8,
        "winRate": 12.5,
        "profit": -6.090909090909091,
        "risked": 8,
        "roi": -76.13636363636364
      }
    },
    "side": {
      "HOME": {
        "wins": 168,
        "losses": 56,
        "total": 224,
        "winRate": 75,
        "profit": -3.6086255428485066,
        "risked": 224,
        "roi": -1.610993545914512
      },
      "AWAY": {
        "wins": 56,
        "losses": 33,
        "total": 89,
        "winRate": 62.92134831460674,
        "profit": -1.1558768692788277,
        "risked": 89,
        "roi": -1.2987380553694694
      }
    }
  },
  "totalBets": 313,
  "lastUpdated": "2025-12-04T13:26:39.428Z",
  "config": {
    "fGradeCap": 0.5,
    "minSampleSize": 30,
    "unitThresholds": {
      "elite": 5.5,
      "high": 4.5,
      "good": 3.5,
      "moderate": 2.5,
      "low": 0
    },
    "maxWeightContribution": {
      "grade": 2,
      "odds": 2,
      "probability": 1.5,
      "ev": 1,
      "side": 0.5
    }
  }
}