{
  "weights": {
    "grade": {
      "A": 1.2423107531663424,
      "A+": 0.848514810620072,
      "B": 0.9111863682467752,
      "D": 1.0152657261127729,
      "C": 0.9061734638995543,
      "B+": 1,
      "F": 0.8876910530075389
    },
    "odds": {
      "HEAVY_FAV": 0.977600691305193,
      "BIG_FAV": 0.8586607543213335,
      "SLIGHT_FAV": 1.117504411586272,
      "MOD_FAV": 1.2040487480791893,
      "BIG_DOG": 1,
      "SLIGHT_DOG": 0.9826720705650337,
      "PICKEM": 0.6311132301617554
    },
    "probability": {
      "HIGH_PROB": 0.97827497952844,
      "LOW_PROB": 0.7916625764129037,
      "MOD_PROB": 0.9480502396861333,
      "GOOD_PROB": 0.9598363234373835
    },
    "ev": {
      "NEG_EV": 0.982535310861794,
      "MOD_EV": 1,
      "LOW_EV": 0.978285329060018,
      "VERY_HIGH_EV": 0.6952613021885377,
      "HIGH_EV": 1,
      "GOOD_EV": 1
    },
    "side": {
      "HOME": 0.9060289640257999,
      "AWAY": 1.0185054177532478
    }
  },
  "performance": {
    "grade": {
      "A": {
        "wins": 15,
        "losses": 6,
        "total": 21,
        "winRate": 71.42857142857143,
        "profit": 3.791259429818549,
        "risked": 21,
        "roi": 18.05361633246928
      },
      "A+": {
        "wins": 35,
        "losses": 27,
        "total": 62,
        "winRate": 56.451612903225815,
        "profit": -4.732464922344475,
        "risked": 62,
        "roi": -7.6330079392652825
      },
      "B": {
        "wins": 6,
        "losses": 4,
        "total": 10,
        "winRate": 60,
        "profit": -1.3651440679467295,
        "risked": 10,
        "roi": -13.651440679467294
      },
      "D": {
        "wins": 7,
        "losses": 3,
        "total": 10,
        "winRate": 70,
        "profit": 0.22914618371712203,
        "risked": 10,
        "roi": 2.2914618371712203
      },
      "C": {
        "wins": 61,
        "losses": 18,
        "total": 79,
        "winRate": 77.21518987341773,
        "profit": -3.717081576721761,
        "risked": 79,
        "roi": -4.705166552812356
      },
      "B+": {
        "wins": 5,
        "losses": 0,
        "total": 5,
        "winRate": 100,
        "profit": 1.6444113402936935,
        "risked": 5,
        "roi": 32.88822680587387
      },
      "F": {
        "wins": 45,
        "losses": 14,
        "total": 59,
        "winRate": 76.27118644067797,
        "profit": -3.3271500818650814,
        "risked": 59,
        "roi": -5.639237426889968
      }
    },
    "odds": {
      "HEAVY_FAV": {
        "wins": 92,
        "losses": 12,
        "total": 104,
        "winRate": 88.46153846153845,
        "profit": -1.1649589094386859,
        "risked": 104,
        "roi": -1.1201527975371979
      },
      "BIG_FAV": {
        "wins": 29,
        "losses": 15,
        "total": 44,
        "winRate": 65.9090909090909,
        "profit": -3.1304208732734278,
        "risked": 44,
        "roi": -7.114592893803246
      },
      "SLIGHT_FAV": {
        "wins": 21,
        "losses": 14,
        "total": 35,
        "winRate": 60,
        "profit": 2.065870488305719,
        "risked": 35,
        "roi": 5.902487109444911
      },
      "MOD_FAV": {
        "wins": 21,
        "losses": 9,
        "total": 30,
        "winRate": 70,
        "profit": 3.104303781175898,
        "risked": 30,
        "roi": 10.347679270586326
      },
      "BIG_DOG": {
        "wins": 0,
        "losses": 1,
        "total": 1,
        "winRate": 0,
        "profit": -1,
        "risked": 1,
        "roi": -100
      },
      "SLIGHT_DOG": {
        "wins": 7,
        "losses": 10,
        "total": 17,
        "winRate": 41.17647058823529,
        "profit": -0.26,
        "risked": 17,
        "roi": -1.5294117647058825
      },
      "PICKEM": {
        "wins": 4,
        "losses": 11,
        "total": 15,
        "winRate": 26.666666666666668,
        "profit": -7.091818181818181,
        "risked": 15,
        "roi": -47.27878787878787
      }
    },
    "probability": {
      "HIGH_PROB": {
        "wins": 88,
        "losses": 13,
        "total": 101,
        "winRate": 87.12871287128714,
        "profit": -1.097286186649828,
        "risked": 101,
        "roi": -1.0864219669800277
      },
      "LOW_PROB": {
        "wins": 19,
        "losses": 19,
        "total": 38,
        "winRate": 50,
        "profit": -4.017221323765014,
        "risked": 38,
        "roi": -10.571635062539512
      },
      "MOD_PROB": {
        "wins": 20,
        "losses": 16,
        "total": 36,
        "winRate": 55.55555555555556,
        "profit": -0.9359382555119162,
        "risked": 36,
        "roi": -2.5998284875331006
      },
      "GOOD_PROB": {
        "wins": 47,
        "losses": 24,
        "total": 71,
        "winRate": 66.19718309859155,
        "profit": -1.4265779291219203,
        "risked": 71,
        "roi": -2.0092646889041132
      }
    },
    "ev": {
      "NEG_EV": {
        "wins": 140,
        "losses": 39,
        "total": 179,
        "winRate": 78.2122905027933,
        "profit": -1.563248629083744,
        "risked": 179,
        "roi": -0.8733232564713653
      },
      "MOD_EV": {
        "wins": 6,
        "losses": 2,
        "total": 8,
        "winRate": 75,
        "profit": 1.8022473500734373,
        "risked": 8,
        "roi": 22.528091875917966
      },
      "LOW_EV": {
        "wins": 13,
        "losses": 8,
        "total": 21,
        "winRate": 61.904761904761905,
        "profit": -0.32582460459056284,
        "risked": 21,
        "roi": -1.5515457361455371
      },
      "VERY_HIGH_EV": {
        "wins": 8,
        "losses": 15,
        "total": 23,
        "winRate": 34.78260869565217,
        "profit": -4.837575757575758,
        "risked": 23,
        "roi": -21.03293807641634
      },
      "HIGH_EV": {
        "wins": 6,
        "losses": 2,
        "total": 8,
        "winRate": 75,
        "profit": 2.538287037037037,
        "risked": 8,
        "roi": 31.728587962962962
      },
      "GOOD_EV": {
        "wins": 1,
        "losses": 6,
        "total": 7,
        "winRate": 14.285714285714285,
        "profit": -5.090909090909091,
        "risked": 7,
        "roi": -72.72727272727273
      }
    },
    "side": {
      "HOME": {
        "wins": 127,
        "losses": 46,
        "total": 173,
        "winRate": 73.41040462427746,
        "profit": -8.152548561358273,
        "risked": 173,
        "roi": -4.712455815814031
      },
      "AWAY": {
        "wins": 47,
        "losses": 26,
        "total": 73,
        "winRate": 64.38356164383562,
        "profit": 0.6755248663095927,
        "risked": 73,
        "roi": 0.9253765291912229
      }
    }
  },
  "totalBets": 246,
  "lastUpdated": "2025-12-03T12:10:54.204Z",
  "config": {
    "fGradeCap": 0.5,
    "minSampleSize": 30,
    "unitThresholds": {
      "elite": 5.5,
      "high": 4.5,
      "good": 3.5,
      "moderate": 2.5,
      "low": 0
    },
    "maxWeightContribution": {
      "grade": 2,
      "odds": 2,
      "probability": 1.5,
      "ev": 1,
      "side": 0.5
    }
  }
}