{
  "weights": {
    "grade": {
      "A": 1.1620755341360263,
      "A+": 0.3495267768719359,
      "B": 0.9447634809246913,
      "D": 1.0904234635314909,
      "C": 0.8076183465717934,
      "B+": 1,
      "F": 0.5434615953377073
    },
    "odds": {
      "HEAVY_FAV": 1.0430479170972706,
      "BIG_FAV": 0.8904828003765796,
      "SLIGHT_FAV": 1.2696001309956788,
      "MOD_FAV": 0.944184263625134,
      "BIG_DOG": 0.8876882462632607,
      "SLIGHT_DOG": 0.9071260877501991,
      "PICKEM": 0.47417221139698706
    },
    "probability": {
      "HIGH_PROB": 1.136658791788451,
      "LOW_PROB": 0.935941015348543,
      "MOD_PROB": 1.1333715306866345,
      "GOOD_PROB": 0.568069263776508
    },
    "ev": {
      "NEG_EV": 1.0548024132896092,
      "MOD_EV": 1.2179736684015765,
      "LOW_EV": 0.6365712237794621,
      "VERY_HIGH_EV": 1.2483628395703483,
      "HIGH_EV": 1.4468820252613714,
      "GOOD_EV": 0.14747434827432448
    },
    "side": {
      "HOME": 0.8472911131164026,
      "AWAY": 1.0939027917392437
    }
  },
  "performance": {
    "grade": {
      "A": {
        "wins": 226,
        "losses": 197,
        "total": 423,
        "winRate": 53.42789598108747,
        "profit": 14.68404339272398,
        "risked": 453,
        "roi": 3.2415106827205253,
        "avgModelProb": 0.5969,
        "actualWinRate": 0.5343,
        "calibError": -0.0627
      },
      "A+": {
        "wins": 35,
        "losses": 28,
        "total": 63,
        "winRate": 55.55555555555556,
        "profit": -5.732464922344475,
        "risked": 63,
        "roi": -9.099150670388054,
        "avgModelProb": 0.6322,
        "actualWinRate": 0.5556,
        "calibError": -0.0767
      },
      "B": {
        "wins": 87,
        "losses": 53,
        "total": 140,
        "winRate": 62.142857142857146,
        "profit": -0.7082630953512473,
        "risked": 144,
        "roi": -0.4918493717716996,
        "avgModelProb": 0.6392,
        "actualWinRate": 0.6214,
        "calibError": -0.0178
      },
      "D": {
        "wins": 42,
        "losses": 11,
        "total": 53,
        "winRate": 79.24528301886792,
        "profit": 0.9946580988463998,
        "risked": 55,
        "roi": 1.808469270629818,
        "avgModelProb": 0.7859,
        "actualWinRate": 0.7925,
        "calibError": 0.0065
      },
      "C": {
        "wins": 187,
        "losses": 60,
        "total": 247,
        "winRate": 75.7085020242915,
        "profit": -4.965978550105691,
        "risked": 268.5,
        "roi": -1.8495264618643168,
        "avgModelProb": 0.7309,
        "actualWinRate": 0.7571,
        "calibError": 0.0261
      },
      "B+": {
        "wins": 5,
        "losses": 0,
        "total": 5,
        "winRate": 100,
        "profit": 1.6444113402936935,
        "risked": 5,
        "roi": 32.88822680587387,
        "avgModelProb": 0.7732,
        "actualWinRate": 1,
        "calibError": 0.2268
      },
      "F": {
        "wins": 69,
        "losses": 21,
        "total": 90,
        "winRate": 76.66666666666667,
        "profit": -4.988182537399891,
        "risked": 94.5,
        "roi": -5.278500039576604,
        "avgModelProb": 0.7053,
        "actualWinRate": 0.7667,
        "calibError": 0.0614
      }
    },
    "odds": {
      "HEAVY_FAV": {
        "wins": 259,
        "losses": 41,
        "total": 300,
        "winRate": 86.33333333333333,
        "profit": 2.823943361580955,
        "risked": 328,
        "roi": 0.860958341945413,
        "avgModelProb": 0.8281,
        "actualWinRate": 0.8633,
        "calibError": 0.0352
      },
      "BIG_FAV": {
        "wins": 101,
        "losses": 46,
        "total": 147,
        "winRate": 68.70748299319727,
        "profit": -1.5763460862804295,
        "risked": 157,
        "roi": -1.0040420931722482,
        "avgModelProb": 0.6982,
        "actualWinRate": 0.6871,
        "calibError": -0.0112
      },
      "SLIGHT_FAV": {
        "wins": 92,
        "losses": 62,
        "total": 154,
        "winRate": 59.74025974025974,
        "profit": 8.357604060866047,
        "risked": 155,
        "roi": 5.392002619913579,
        "avgModelProb": 0.595,
        "actualWinRate": 0.5974,
        "calibError": 0.0024
      },
      "MOD_FAV": {
        "wins": 82,
        "losses": 49,
        "total": 131,
        "winRate": 62.59541984732825,
        "profit": -0.6935353258869285,
        "risked": 139.5,
        "roi": -0.4971579397038913,
        "avgModelProb": 0.6535,
        "actualWinRate": 0.626,
        "calibError": -0.0275
      },
      "BIG_DOG": {
        "wins": 10,
        "losses": 22,
        "total": 32,
        "winRate": 31.25,
        "profit": -0.3299999999999996,
        "risked": 32,
        "roi": -1.031249999999999,
        "avgModelProb": 0.3902,
        "actualWinRate": 0.3125,
        "calibError": -0.0777
      },
      "SLIGHT_DOG": {
        "wins": 67,
        "losses": 100,
        "total": 167,
        "winRate": 40.119760479041915,
        "profit": -1.4850000000000048,
        "risked": 176,
        "roi": -0.8437500000000027,
        "avgModelProb": 0.4807,
        "actualWinRate": 0.4012,
        "calibError": -0.0795
      },
      "PICKEM": {
        "wins": 40,
        "losses": 50,
        "total": 90,
        "winRate": 44.44444444444444,
        "profit": -6.168442283616864,
        "risked": 95.5,
        "roi": -6.459101867661637,
        "avgModelProb": 0.5588,
        "actualWinRate": 0.4444,
        "calibError": -0.1144
      }
    },
    "probability": {
      "HIGH_PROB": {
        "wins": 321,
        "losses": 70,
        "total": 391,
        "winRate": 82.09718670076727,
        "profit": 11.60233142283949,
        "risked": 424.5,
        "roi": 2.73317583576902,
        "avgModelProb": 0.813,
        "actualWinRate": 0.821,
        "calibError": 0.008
      },
      "LOW_PROB": {
        "wins": 119,
        "losses": 153,
        "total": 272,
        "winRate": 43.75,
        "profit": -1.6303639515798807,
        "risked": 284.5,
        "roi": -0.5730629003795714,
        "avgModelProb": 0.4769,
        "actualWinRate": 0.4375,
        "calibError": -0.0394
      },
      "MOD_PROB": {
        "wins": 66,
        "losses": 53,
        "total": 119,
        "winRate": 55.46218487394958,
        "profit": 3.267602501822545,
        "risked": 122.5,
        "roi": 2.66743061373269,
        "avgModelProb": 0.5749,
        "actualWinRate": 0.5546,
        "calibError": -0.0203
      },
      "GOOD_PROB": {
        "wins": 145,
        "losses": 94,
        "total": 239,
        "winRate": 60.66945606694561,
        "profit": -12.311346246419369,
        "risked": 251.5,
        "roi": -4.895167493606111,
        "avgModelProb": 0.65,
        "actualWinRate": 0.6067,
        "calibError": -0.0434
      }
    },
    "ev": {
      "NEG_EV": {
        "wins": 306,
        "losses": 81,
        "total": 387,
        "winRate": 79.06976744186046,
        "profit": 4.510238613734848,
        "risked": 411.5,
        "roi": 1.0960482657921866,
        "avgModelProb": 0.734,
        "actualWinRate": 0.7907,
        "calibError": 0.0567
      },
      "MOD_EV": {
        "wins": 105,
        "losses": 72,
        "total": 177,
        "winRate": 59.32203389830508,
        "profit": 8.23940466557959,
        "risked": 189,
        "roi": 4.359473368031529,
        "avgModelProb": 0.6171,
        "actualWinRate": 0.5932,
        "calibError": -0.0239
      },
      "LOW_EV": {
        "wins": 119,
        "losses": 77,
        "total": 196,
        "winRate": 60.71428571428571,
        "profit": -8.034303872783877,
        "risked": 205.5,
        "roi": -3.909636921062714,
        "avgModelProb": 0.645,
        "actualWinRate": 0.6071,
        "calibError": -0.0379
      },
      "VERY_HIGH_EV": {
        "wins": 45,
        "losses": 51,
        "total": 96,
        "winRate": 46.875,
        "profit": 4.917584223492895,
        "risked": 99,