{
  "weights": {
    "grade": {
      "A": 1.1437673854547523,
      "A+": 0.848514810620072,
      "B": 1.0659242599804086,
      "D": 1.0152657261127729,
      "C": 0.9873688253554727,
      "B+": 1,
      "F": 0.8876910530075389
    },
    "odds": {
      "HEAVY_FAV": 0.9732770708199383,
      "BIG_FAV": 0.9649127431306687,
      "SLIGHT_FAV": 1.273571274750443,
      "MOD_FAV": 1.1597347413730046,
      "BIG_DOG": 1,
      "SLIGHT_DOG": 0.8521127037893649,
      "PICKEM": 0.5820407087995562
    },
    "probability": {
      "HIGH_PROB": 0.9903771110356357,
      "LOW_PROB": 0.8994533379541231,
      "MOD_PROB": 0.9317725755359701,
      "GOOD_PROB": 1.024996727112045
    },
    "ev": {
      "NEG_EV": 1.0219500062627875,
      "MOD_EV": 1.1237005313572894,
      "LOW_EV": 1.09539099891873,
      "VERY_HIGH_EV": 0.6878288387962881,
      "HIGH_EV": 1,
      "GOOD_EV": 1
    },
    "side": {
      "HOME": 0.9710315857478017,
      "AWAY": 0.9955762045777921
    }
  },
  "performance": {
    "grade": {
      "A": {
        "wins": 23,
        "losses": 12,
        "total": 35,
        "winRate": 65.71428571428571,
        "profit": 2.5334814022195493,
        "risked": 35,
        "roi": 7.238518292055855
      },
      "A+": {
        "wins": 35,
        "losses": 27,
        "total": 62,
        "winRate": 56.451612903225815,
        "profit": -4.732464922344475,
        "risked": 62,
        "roi": -7.6330079392652825
      },
      "B": {
        "wins": 11,
        "losses": 5,
        "total": 16,
        "winRate": 68.75,
        "profit": 0.9939468411441796,
        "risked": 16,
        "roi": 6.212167757151123
      },
      "D": {
        "wins": 7,
        "losses": 3,
        "total": 10,
        "winRate": 70,
        "profit": 0.22914618371712203,
        "risked": 10,
        "roi": 2.2914618371712203
      },
      "C": {
        "wins": 103,
        "losses": 29,
        "total": 132,
        "winRate": 78.03030303030303,
        "profit": -0.8337018665172415,
        "risked": 132,
        "roi": -0.6315923231191224
      },
      "B+": {
        "wins": 5,
        "losses": 0,
        "total": 5,
        "winRate": 100,
        "profit": 1.6444113402936935,
        "risked": 5,
        "roi": 32.88822680587387
      },
      "F": {
        "wins": 45,
        "losses": 14,
        "total": 59,
        "winRate": 76.27118644067797,
        "profit": -3.3271500818650814,
        "risked": 59,
        "roi": -5.639237426889968
      }
    },
    "odds": {
      "HEAVY_FAV": {
        "wins": 119,
        "losses": 17,
        "total": 136,
        "winRate": 87.5,
        "profit": -1.8175919231842173,
        "risked": 136,
        "roi": -1.3364646494001597
      },
      "BIG_FAV": {
        "wins": 39,
        "losses": 17,
        "total": 56,
        "winRate": 69.64285714285714,
        "profit": -0.9828466574555228,
        "risked": 56,
        "roi": -1.755083316884862
      },
      "SLIGHT_FAV": {
        "wins": 31,
        "losses": 17,
        "total": 48,
        "winRate": 64.58333333333334,
        "profit": 6.7372786714286725,
        "risked": 48,
        "roi": 14.03599723214307
      },
      "MOD_FAV": {
        "wins": 26,
        "losses": 12,
        "total": 38,
        "winRate": 68.42105263157895,
        "profit": 3.0611751262051374,
        "risked": 38,
        "roi": 8.05572401632931
      },
      "BIG_DOG": {
        "wins": 0,
        "losses": 1,
        "total": 1,
        "winRate": 0,
        "profit": -1,
        "risked": 1,
        "roi": -100
      },
      "SLIGHT_DOG": {
        "wins": 7,
        "losses": 12,
        "total": 19,
        "winRate": 36.84210526315789,
        "profit": -2.26,
        "risked": 19,
        "roi": -11.894736842105262
      },
      "PICKEM": {
        "wins": 7,
        "losses": 14,
        "total": 21,
        "winRate": 33.33333333333333,
        "profit": -7.230346320346319,
        "risked": 21,
        "roi": -34.430220573077705
      }
    },
    "probability": {
      "HIGH_PROB": {
        "wins": 119,
        "losses": 19,
        "total": 138,
        "winRate": 86.23188405797102,
        "profit": -0.6639998345070501,
        "risked": 138,
        "roi": -0.48115930036742766
      },
      "LOW_PROB": {
        "wins": 26,
        "losses": 23,
        "total": 49,
        "winRate": 53.06122448979592,
        "profit": -2.471745273025806,
        "risked": 49,
        "roi": -5.0443781082159305
      },
      "MOD_PROB": {
        "wins": 24,
        "losses": 19,
        "total": 43,
        "winRate": 55.81395348837209,
        "profit": -1.4691721190194216,
        "risked": 43,
        "roi": -3.4166793465567946
      },
      "GOOD_PROB": {
        "wins": 60,
        "losses": 29,
        "total": 89,
        "winRate": 67.41573033707866,
        "profit": 1.1125861232000265,
        "risked": 89,
        "roi": 1.250096767640479
      }
    },
    "ev": {
      "NEG_EV": {
        "wins": 181,
        "losses": 48,
        "total": 229,
        "winRate": 79.03930131004367,
        "profit": 2.51367946821755,
        "risked": 229,
        "roi": 1.0976766236757858
      },
      "MOD_EV": {
        "wins": 10,
        "losses": 4,
        "total": 14,
        "winRate": 71.42857142857143,
        "profit": 1.9008955049875769,
        "risked": 14,
        "roi": 13.57782503562555
      },
      "LOW_EV": {
        "wins": 21,
        "losses": 11,
        "total": 32,
        "winRate": 65.625,
        "profit": 1.5309107825094805,
        "risked": 32,
        "roi": 4.784096195342126
      },
      "VERY_HIGH_EV": {
        "wins": 10,
        "losses": 17,
        "total": 27,
        "winRate": 37.03703703703704,
        "profit": -4.885194805194805,
        "risked": 27,
        "roi": -18.093314093314095
      },
      "HIGH_EV": {
        "wins": 6,
        "losses": 3,
        "total": 9,
        "winRate": 66.66666666666666,
        "profit": 1.538287037037037,
        "risked": 9,
        "roi": 17.092078189300413
      },
      "GOOD_EV": {
        "wins": 1,
        "losses": 7,
        "total": 8,
        "winRate": 12.5,
        "profit": -6.090909090909091,
        "risked": 8,
        "roi": -76.13636363636364
      }
    },
    "side": {
      "HOME": {
        "wins": 171,
        "losses": 56,
        "total": 227,
        "winRate": 75.33039647577093,
        "profit": -3.2888351864543766,
        "risked": 227,
        "roi": -1.4488260733279192
      },
      "AWAY": {
        "wins": 58,
        "losses": 34,
        "total": 92,
        "winRate": 63.04347826086957,
        "profit": -0.20349591689787538,
        "risked": 92,
        "roi": -0.22119121401942976
      }
    }
  },
  "totalBets": 319,
  "lastUpdated": "2025-12-05T13:57:33.086Z",
  "config": {
    "fGradeCap": 0.5,
    "minSampleSize": 30,
    "unitThresholds": {
      "elite": 5.5,
      "high": 4.5,
      "good": 3.5,
      "moderate": 2.5,
      "low": 0
    },
    "maxWeightContribution": {
      "grade": 2,
      "odds": 2,
      "probability": 1.5,
      "ev": 1,
      "side": 0.5
    }
  }
}