{
  "weights": {
    "grade": {
      "A": 1.2670046693827137,
      "A+": 0.8199996857167117,
      "B": 1.033106485324661,
      "D": 1.036153621103841,
      "C": 0.9792076417101709,
      "B+": 1,
      "F": 0.8948204520929793
    },
    "odds": {
      "HEAVY_FAV": 1.0151002635038908,
      "BIG_FAV": 0.9297086030924092,
      "SLIGHT_FAV": 1.0938623806099892,
      "MOD_FAV": 0.9805152467873326,
      "BIG_DOG": 1,
      "SLIGHT_DOG": 1.392077770482567,
      "PICKEM": 0.8389554178375617
    },
    "probability": {
      "HIGH_PROB": 1.0298087315191466,
      "LOW_PROB": 1.1628704502861407,
      "MOD_PROB": 1.122467490431885,
      "GOOD_PROB": 0.8535862213883243
    },
    "ev": {
      "NEG_EV": 1.0219174547728047,
      "MOD_EV": 1.3758984367437888,
      "LOW_EV": 0.9396856225005068,
      "VERY_HIGH_EV": 0.6161176246646831,
      "HIGH_EV": 1.2002037436381792,
      "GOOD_EV": 0.8665864265931859
    },
    "side": {
      "HOME": 0.9746751435547921,
      "AWAY": 1.1132072769644314
    }
  },
  "performance": {
    "grade": {
      "A": {
        "wins": 66,
        "losses": 38,
        "total": 104,
        "winRate": 63.46153846153846,
        "profit": 15.665647662712203,
        "risked": 114.5,
        "roi": 13.681788351713713
      },
      "A+": {
        "wins": 35,
        "losses": 28,
        "total": 63,
        "winRate": 55.55555555555556,
        "profit": -5.732464922344475,
        "risked": 63,
        "roi": -9.099150670388054
      },
      "B": {
        "wins": 30,
        "losses": 17,
        "total": 47,
        "winRate": 63.829787234042556,
        "profit": 0.8196850683990813,
        "risked": 49.5,
        "roi": 1.655929431109255
      },
      "D": {
        "wins": 42,
        "losses": 11,
        "total": 53,
        "winRate": 79.24528301886792,
        "profit": 0.9946580988463998,
        "risked": 55,
        "roi": 1.808469270629818
      },
      "C": {
        "wins": 185,
        "losses": 57,
        "total": 242,
        "winRate": 76.44628099173553,
        "profit": -2.7397880739152147,
        "risked": 263.5,
        "roi": -1.0397677699867987
      },
      "B+": {
        "wins": 5,
        "losses": 0,
        "total": 5,
        "winRate": 100,
        "profit": 1.6444113402936935,
        "risked": 5,
        "roi": 32.88822680587387
      },
      "F": {
        "wins": 69,
        "losses": 21,
        "total": 90,
        "winRate": 76.66666666666667,
        "profit": -4.988182537399891,
        "risked": 94.5,
        "roi": -5.278500039576604
      }
    },
    "odds": {
      "HEAVY_FAV": {
        "wins": 224,
        "losses": 31,
        "total": 255,
        "winRate": 87.84313725490196,
        "profit": 2.095320827775031,
        "risked": 277.5,
        "roi": 0.7550705685675787
      },
      "BIG_FAV": {
        "wins": 67,
        "losses": 32,
        "total": 99,
        "winRate": 67.67676767676768,
        "profit": -3.73159794778002,
        "risked": 106,
        "roi": -3.5203754224339816
      },
      "SLIGHT_FAV": {
        "wins": 56,
        "losses": 38,
        "total": 94,
        "winRate": 59.57446808510638,
        "profit": 4.471625967155054,
        "risked": 95,
        "roi": 4.706974702268478
      },
      "MOD_FAV": {
        "wins": 47,
        "losses": 28,
        "total": 75,
        "winRate": 62.66666666666667,
        "profit": -0.76974517445521,
        "risked": 79,
        "roi": -0.9743609803230505
      },
      "BIG_DOG": {
        "wins": 0,
        "losses": 2,
        "total": 2,
        "winRate": 0,
        "profit": -2,
        "risked": 2,
        "roi": -100
      },
      "SLIGHT_DOG": {
        "wins": 21,
        "losses": 19,
        "total": 40,
        "winRate": 52.5,
        "profit": 9.01,
        "risked": 43.5,
        "roi": 20.71264367816092
      },
      "PICKEM": {
        "wins": 17,
        "losses": 22,
        "total": 39,
        "winRate": 43.58974358974359,
        "profit": -3.4116370361030546,
        "risked": 42,
        "roi": -8.122945324054893
      }
    },
    "probability": {
      "HIGH_PROB": {
        "wins": 234,
        "losses": 37,
        "total": 271,
        "winRate": 86.34686346863468,
        "profit": 4.360818907972135,
        "risked": 292.5,
        "roi": 1.4908782591357725
      },
      "LOW_PROB": {
        "wins": 57,
        "losses": 46,
        "total": 103,
        "winRate": 55.33980582524271,
        "profit": 9.038367702860338,
        "risked": 110,
        "roi": 8.216697911691217
      },
      "MOD_PROB": {
        "wins": 45,
        "losses": 29,
        "total": 74,
        "winRate": 60.810810810810814,
        "profit": 4.615699778419559,
        "risked": 75,
        "roi": 6.154266371226079
      },
      "GOOD_PROB": {
        "wins": 96,
        "losses": 60,
        "total": 156,
        "winRate": 61.53846153846154,
        "profit": -12.350919752660227,
        "risked": 167.5,
        "roi": -7.3736834344240165
      }
    },
    "ev": {
      "NEG_EV": {
        "wins": 306,
        "losses": 81,
        "total": 387,
        "winRate": 79.06976744186046,
        "profit": 4.510238613734848,
        "risked": 411.5,
        "roi": 1.0960482657921866
      },
      "MOD_EV": {
        "wins": 34,
        "losses": 16,
        "total": 50,
        "winRate": 68,
        "profit": 10.870049967005038,
        "risked": 55,
        "roi": 19.76372721273643
      },
      "LOW_EV": {
        "wins": 62,
        "losses": 38,
        "total": 100,
        "winRate": 62,
        "profit": -3.260934463612304,
        "risked": 108,
        "roi": -3.0193837626039848
      },
      "VERY_HIGH_EV": {
        "wins": 13,
        "losses": 21,
        "total": 34,
        "winRate": 38.23529411764706,
        "profit": -7.485194805194806,
        "risked": 37,
        "roi": -20.230256230256234
      },
      "HIGH_EV": {
        "wins": 10,
        "losses": 7,
        "total": 17,
        "winRate": 58.82352941176471,
        "profit": 3.138287037037037,
        "risked": 17,
        "roi": 18.460511982570807
      },
      "GOOD_EV": {
        "wins": 7,
        "losses": 9,
        "total": 16,
        "winRate": 43.75,
        "profit": -2.108479712378016,
        "risked": 16.5,
        "roi": -12.778664923503127
      }
    },
    "side": {
      "HOME": {
        "wins": 316,
        "losses": 106,
        "total": 422,
        "winRate": 74.88151658767772,
        "profit": -5.6486507781722874,
        "risked": 446,
        "roi": -1.2665136273928896
      },
      "AWAY": {
        "wins": 116,
        "losses": 66,
        "total": 182,
        "winRate": 63.73626373626373,
        "profit": 11.312617414764084,
        "risked": 199,
        "roi": 5.684732369228183
      }
    }
  },
  "totalBets": 604,
  "lastUpdated": "2025-12-20T13:27:23.508Z",
  "config": {
    "fGradeCap": 0.5,
    "minSampleSize": 30,
    "unitThresholds": {
      "elite": 5.5,
      "high": 4.5,
      "good": 3.5,
      "moderate": 2.5,
      "low": 0
    },
    "maxWeightContribution": {
      "grade": 2,
      "odds": 2,
      "probability": 1.5,
      "ev": 1,
      "side": 0.5
    }
  }
}