{
  "weights": {
    "grade": {
      "A": 1.0533265783349384,
      "A+": 0.3495267768719359,
      "B": 0.9889338883884354,
      "D": 1.0904234635314909,
      "C": 0.8076183465717934,
      "B+": 1,
      "F": 0.5434615953377073
    },
    "odds": {
      "HEAVY_FAV": 1.0471386191391905,
      "BIG_FAV": 0.9779503324263012,
      "SLIGHT_FAV": 1.202471466906562,
      "MOD_FAV": 0.8700113514897986,
      "BIG_DOG": 0.33315967936647484,
      "SLIGHT_DOG": 0.7924488925947151,
      "PICKEM": 0.389616564723983
    },
    "probability": {
      "HIGH_PROB": 1.1479257667867413,
      "LOW_PROB": 0.7678341102412817,
      "MOD_PROB": 1.0509077309968893,
      "GOOD_PROB": 0.5118640536271971
    },
    "ev": {
      "NEG_EV": 1.0548024132896092,
      "MOD_EV": 1.1596518238213718,
      "LOW_EV": 0.6927083255547226,
      "VERY_HIGH_EV": 1.1958792111746448,
      "HIGH_EV": 1.380859212833961,
      "GOOD_EV": 0.09999999999999998
    },
    "side": {
      "HOME": 0.8164665650727012,
      "AWAY": 1.02606283206525
    }
  },
  "performance": {
    "grade": {
      "A": {
        "wins": 230,
        "losses": 209,
        "total": 439,
        "winRate": 52.391799544419136,
        "profit": 5.0126983634842155,
        "risked": 470,
        "roi": 1.0665315666987691,
        "avgModelProb": 0.5946,
        "actualWinRate": 0.5239,
        "calibError": -0.0707
      },
      "A+": {
        "wins": 35,
        "losses": 28,
        "total": 63,
        "winRate": 55.55555555555556,
        "profit": -5.732464922344475,
        "risked": 63,
        "roi": -9.099150670388054,
        "avgModelProb": 0.6322,
        "actualWinRate": 0.5556,
        "calibError": -0.0767
      },
      "B": {
        "wins": 89,
        "losses": 54,
        "total": 143,
        "winRate": 62.23776223776224,
        "profit": -0.14159642868458072,
        "risked": 147,
        "roi": -0.09632410114597328,
        "avgModelProb": 0.6374,
        "actualWinRate": 0.6224,
        "calibError": -0.015
      },
      "D": {
        "wins": 42,
        "losses": 11,
        "total": 53,
        "winRate": 79.24528301886792,
        "profit": 0.9946580988463998,
        "risked": 55,
        "roi": 1.808469270629818,
        "avgModelProb": 0.7859,
        "actualWinRate": 0.7925,
        "calibError": 0.0065
      },
      "C": {
        "wins": 187,
        "losses": 60,
        "total": 247,
        "winRate": 75.7085020242915,
        "profit": -4.965978550105691,
        "risked": 268.5,
        "roi": -1.8495264618643168,
        "avgModelProb": 0.7309,
        "actualWinRate": 0.7571,
        "calibError": 0.0261
      },
      "B+": {
        "wins": 6,
        "losses": 0,
        "total": 6,
        "winRate": 100,
        "profit": 2.1444113402936935,
        "risked": 6,
        "roi": 35.74018900489489,
        "avgModelProb": 0.7554,
        "actualWinRate": 1,
        "calibError": 0.2446
      },
      "F": {
        "wins": 69,
        "losses": 21,
        "total": 90,
        "winRate": 76.66666666666667,
        "profit": -4.988182537399891,
        "risked": 94.5,
        "roi": -5.278500039576604,
        "avgModelProb": 0.7053,
        "actualWinRate": 0.7667,
        "calibError": 0.0614
      }
    },
    "odds": {
      "HEAVY_FAV": {
        "wins": 260,
        "losses": 41,
        "total": 301,
        "winRate": 86.37873754152824,
        "profit": 3.1017211393587325,
        "risked": 329,
        "roi": 0.9427723827838093,
        "avgModelProb": 0.8279,
        "actualWinRate": 0.8638,
        "calibError": 0.0358
      },
      "BIG_FAV": {
        "wins": 104,
        "losses": 46,
        "total": 150,
        "winRate": 69.33333333333334,
        "profit": -0.30880222663130663,
        "risked": 160,
        "roi": -0.19300139164456664,
        "avgModelProb": 0.699,
        "actualWinRate": 0.6933,
        "calibError": -0.0056
      },
      "SLIGHT_FAV": {
        "wins": 92,
        "losses": 64,
        "total": 156,
        "winRate": 58.97435897435898,
        "profit": 6.357604060866047,
        "risked": 157,
        "roi": 4.04942933813124,
        "avgModelProb": 0.5952,
        "actualWinRate": 0.5897,
        "calibError": -0.0055
      },
      "MOD_FAV": {
        "wins": 82,
        "losses": 50,
        "total": 132,
        "winRate": 62.121212121212125,
        "profit": -1.6935353258869283,
        "risked": 140.5,
        "roi": -1.2053632212718353,
        "avgModelProb": 0.6538,
        "actualWinRate": 0.6212,
        "calibError": -0.0326
      },
      "BIG_DOG": {
        "wins": 10,
        "losses": 25,
        "total": 35,
        "winRate": 28.57142857142857,
        "profit": -3.3299999999999996,
        "risked": 35,
        "roi": -9.514285714285712,
        "avgModelProb": 0.3885,
        "actualWinRate": 0.2857,
        "calibError": -0.1027
      },
      "SLIGHT_DOG": {
        "wins": 69,
        "losses": 105,
        "total": 174,
        "winRate": 39.6551724137931,
        "profit": -3.6850000000000045,
        "risked": 183,
        "roi": -2.0136612021857947,
        "avgModelProb": 0.4799,
        "actualWinRate": 0.3966,
        "calibError": -0.0834
      },
      "PICKEM": {
        "wins": 41,
        "losses": 52,
        "total": 93,
        "winRate": 44.086021505376344,
        "profit": -8.118442283616865,
        "risked": 99.5,
        "roi": -8.15923847599685,
        "avgModelProb": 0.5582,
        "actualWinRate": 0.4409,
        "calibError": -0.1173
      }
    },
    "probability": {
      "HIGH_PROB": {
        "wins": 324,
        "losses": 70,
        "total": 394,
        "winRate": 82.23350253807106,
        "profit": 12.64765306026639,
        "risked": 427.5,
        "roi": 2.9585153357348277,
        "avgModelProb": 0.8127,
        "actualWinRate": 0.8223,
        "calibError": 0.0097
      },
      "LOW_PROB": {
        "wins": 122,
        "losses": 162,
        "total": 284,
        "winRate": 42.95774647887324,
        "profit": -6.780363951579881,
        "risked": 296.5,
        "roi": -2.2868006582056934,
        "avgModelProb": 0.4758,
        "actualWinRate": 0.4296,
        "calibError": -0.0462
      },
      "MOD_PROB": {
        "wins": 66,
        "losses": 54,
        "total": 120,
        "winRate": 55.00000000000001,
        "profit": 1.267602501822545,
        "risked": 124.5,
        "roi": 1.018154619937787,
        "avgModelProb": 0.5748,
        "actualWinRate": 0.55,
        "calibError": -0.0248
      },
      "GOOD_PROB": {
        "wins": 146,
        "losses": 97,
        "total": 243,
        "winRate": 60.08230452674898,
        "profit": -14.811346246419369,
        "risked": 255.5,
        "roi": -5.797004401729694,
        "avgModelProb": 0.65,
        "actualWinRate": 0.6008,
        "calibError": -0.0492
      }
    },
    "ev": {
      "NEG_EV": {
        "wins": 306,
        "losses": 81,
        "total": 387,
        "winRate": 79.06976744186046,
        "profit": 4.510238613734848,
        "risked": 411.5,
        "roi": 1.0960482657921866,
        "avgModelProb": 0.734,
        "actualWinRate": 0.7907,
        "calibError": 0.0567
      },
      "MOD_EV": {
        "wins": 108,
        "losses": 76,
        "total": 184,
        "winRate": 58.69565217391305,
        "profit": 6.290281858562046,
        "risked": 197,
        "roi": 3.193036476427434,
        "avgModelProb": 0.6139,
        "actualWinRate": 0.587,
        "calibError": -0.027
      },
      "LOW_EV": {
        "wins": 123,
        "losses": 78,
        "total": 201,
        "winRate": 61.19402985074627,
        "profit": -6.689859428339432,
        "risked": 210.5,
        "roi": -3.1780804885222955,
        "avgModelProb": 0.6445,
        "actualWinRate": 0.6119,
        "calibError": -0.0325
      },
      "VERY_HIGH_EV": {
        "wins": 45,
        "losses": 52,
        "total": 97,
        "winRate": 46.391752577319586,
        "profit": 3.917584223492895,