{
  "weights": {
    "grade": {
      "A": 1.0672490677518882,
      "A+": 0.8199996857167117,
      "B": 1.020113872934859,
      "D": 1.036153621103841,
      "C": 0.9597776357904635,
      "B+": 1,
      "F": 0.8948204520929793
    },
    "odds": {
      "HEAVY_FAV": 1.0087359159670486,
      "BIG_FAV": 0.9497428704249583,
      "SLIGHT_FAV": 1.1631436722640793,
      "MOD_FAV": 0.9656817555824244,
      "BIG_DOG": 0.7955878070912986,
      "SLIGHT_DOG": 1.0299234963089008,
      "PICKEM": 0.8756994893062161
    },
    "probability": {
      "HIGH_PROB": 1.0396059861238647,
      "LOW_PROB": 1.0161057850806092,
      "MOD_PROB": 1.046890350836434,
      "GOOD_PROB": 0.8965489776467473
    },
    "ev": {
      "NEG_EV": 1.0219174547728047,
      "MOD_EV": 1.1006213963966334,
      "LOW_EV": 0.9360812816342369,
      "VERY_HIGH_EV": 0.8432845799546125,
      "HIGH_EV": 1.4490210904674545,
      "GOOD_EV": 0.6074057099953837
    },
    "side": {
      "HOME": 0.9681489333295951,
      "AWAY": 1.0438119971871067
    }
  },
  "performance": {
    "grade": {
      "A": {
        "wins": 196,
        "losses": 163,
        "total": 359,
        "winRate": 54.59610027855153,
        "profit": 12.998689015013568,
        "risked": 386,
        "roi": 3.3675360142522197,
        "avgModelProb": 0.6062,
        "actualWinRate": 0.546,
        "calibError": -0.0602
      },
      "A+": {
        "wins": 35,
        "losses": 28,
        "total": 63,
        "winRate": 55.55555555555556,
        "profit": -5.732464922344475,
        "risked": 63,
        "roi": -9.099150670388054,
        "avgModelProb": 0.6322,
        "actualWinRate": 0.5556,
        "calibError": -0.0767
      },
      "B": {
        "wins": 72,
        "losses": 43,
        "total": 115,
        "winRate": 62.60869565217392,
        "profit": 1.196936871114497,
        "risked": 119,
        "roi": 1.0058293034575605,
        "avgModelProb": 0.64,
        "actualWinRate": 0.6261,
        "calibError": -0.0139
      },
      "D": {
        "wins": 42,
        "losses": 11,
        "total": 53,
        "winRate": 79.24528301886792,
        "profit": 0.9946580988463998,
        "risked": 55,
        "roi": 1.808469270629818,
        "avgModelProb": 0.7859,
        "actualWinRate": 0.7925,
        "calibError": 0.0065
      },
      "C": {
        "wins": 186,
        "losses": 60,
        "total": 246,
        "winRate": 75.60975609756098,
        "profit": -5.3826452167723575,
        "risked": 267.5,
        "roi": -2.0122038193541525,
        "avgModelProb": 0.731,
        "actualWinRate": 0.7561,
        "calibError": 0.0251
      },
      "B+": {
        "wins": 5,
        "losses": 0,
        "total": 5,
        "winRate": 100,
        "profit": 1.6444113402936935,
        "risked": 5,
        "roi": 32.88822680587387,
        "avgModelProb": 0.7732,
        "actualWinRate": 1,
        "calibError": 0.2268
      },
      "F": {
        "wins": 69,
        "losses": 21,
        "total": 90,
        "winRate": 76.66666666666667,
        "profit": -4.988182537399891,
        "risked": 94.5,
        "roi": -5.278500039576604,
        "avgModelProb": 0.7053,
        "actualWinRate": 0.7667,
        "calibError": 0.0614
      }
    },
    "odds": {
      "HEAVY_FAV": {
        "wins": 254,
        "losses": 41,
        "total": 295,
        "winRate": 86.10169491525423,
        "profit": 1.410886320582738,
        "risked": 323,
        "roi": 0.4368069103971325,
        "avgModelProb": 0.8284,
        "actualWinRate": 0.861,
        "calibError": 0.0326
      },
      "BIG_FAV": {
        "wins": 95,
        "losses": 44,
        "total": 139,
        "winRate": 68.34532374100719,
        "profit": -3.671863983017839,
        "risked": 146,
        "roi": -2.5149753308341363,
        "avgModelProb": 0.6963,
        "actualWinRate": 0.6835,
        "calibError": -0.0128
      },
      "SLIGHT_FAV": {
        "wins": 83,
        "losses": 52,
        "total": 135,
        "winRate": 61.48148148148148,
        "profit": 11.19379540080316,
        "risked": 136,
        "roi": 8.230731912355264,
        "avgModelProb": 0.5928,
        "actualWinRate": 0.6148,
        "calibError": 0.022
      },
      "MOD_FAV": {
        "wins": 76,
        "losses": 47,
        "total": 123,
        "winRate": 61.78861788617886,
        "profit": -2.257311025535993,
        "risked": 131.5,
        "roi": -1.7165863312060783,
        "avgModelProb": 0.6522,
        "actualWinRate": 0.6179,
        "calibError": -0.0343
      },
      "BIG_DOG": {
        "wins": 7,
        "losses": 18,
        "total": 25,
        "winRate": 28.000000000000004,
        "profit": -3.13,
        "risked": 25,
        "roi": -12.520000000000001,
        "avgModelProb": 0.3919,
        "actualWinRate": 0.28,
        "calibError": -0.1119
      },
      "SLIGHT_DOG": {
        "wins": 57,
        "losses": 82,
        "total": 139,
        "winRate": 41.007194244604314,
        "profit": 2.214999999999995,
        "risked": 148,
        "roi": 1.4966216216216184,
        "avgModelProb": 0.4789,
        "actualWinRate": 0.4101,
        "calibError": -0.0688
      },
      "PICKEM": {
        "wins": 33,
        "losses": 42,
        "total": 75,
        "winRate": 44,
        "profit": -5.029104064080626,
        "risked": 80.5,
        "roi": -6.247334241093946,
        "avgModelProb": 0.5612,
        "actualWinRate": 0.44,
        "calibError": -0.1212
      }
    },
    "probability": {
      "HIGH_PROB": {
        "wins": 310,
        "losses": 68,
        "total": 378,
        "winRate": 82.01058201058201,
        "profit": 8.093756485103862,
        "risked": 408.5,
        "roi": 1.9813357368675306,
        "avgModelProb": 0.8146,
        "actualWinRate": 0.8201,
        "calibError": 0.0055
      },
      "LOW_PROB": {
        "wins": 105,
        "losses": 128,
        "total": 233,
        "winRate": 45.06437768240343,
        "profit": 1.9771560861381752,
        "risked": 245.5,
        "roi": 0.8053588945573015,
        "avgModelProb": 0.479,
        "actualWinRate": 0.4506,
        "calibError": -0.0284
      },
      "MOD_PROB": {
        "wins": 58,
        "losses": 46,
        "total": 104,
        "winRate": 55.769230769230774,
        "profit": 2.5222059715018394,
        "risked": 107.5,
        "roi": 2.3462381130249668,
        "avgModelProb": 0.576,
        "actualWinRate": 0.5577,
        "calibError": -0.0183
      },
      "GOOD_PROB": {
        "wins": 132,
        "losses": 84,
        "total": 216,
        "winRate": 61.111111111111114,
        "profit": -11.861715893992432,
        "risked": 228.5,
        "roi": -5.19112292953717,
        "avgModelProb": 0.6501,
        "actualWinRate": 0.6111,
        "calibError": -0.039
      }
    },
    "ev": {
      "NEG_EV": {
        "wins": 306,
        "losses": 81,
        "total": 387,
        "winRate": 79.06976744186046,
        "profit": 4.510238613734848,
        "risked": 411.5,
        "roi": 1.0960482657921866,
        "avgModelProb": 0.734,
        "actualWinRate": 0.7907,
        "calibError": 0.0567
      },
      "MOD_EV": {
        "wins": 92,
        "losses": 60,
        "total": 152,
        "winRate": 60.526315789473685,
        "profit": 8.127526357471503,
        "risked": 161,
        "roi": 5.048153017063045,
        "avgModelProb": 0.6254,
        "actualWinRate": 0.6053,
        "calibError": -0.0201
      },
      "LOW_EV": {
        "wins": 104,
        "losses": 67,
        "total": 171,
        "winRate": 60.81871345029239,
        "profit": -5.77653980375403,
        "risked": 180.5,
        "roi": -3.20029906025154,
        "avgModelProb": 0.6456,
        "actualWinRate": 0.6082,
        "calibError": -0.0374
      },
      "VERY_HIGH_EV": {
        "wins": 35,
        "losses": 47,
        "total": 82,
        "winRate": 42.68292682926829,
        "profit": -6.715749109840439,
        "risked": 85,