{
  "weights": {
    "grade": {
      "A": 1.0833502407077227,
      "A+": 0.8199996857167117,
      "B": 1.0007955400205533,
      "D": 1.036153621103841,
      "C": 0.9597776357904635,
      "B+": 1,
      "F": 0.8948204520929793
    },
    "odds": {
      "HEAVY_FAV": 1.0087359159670486,
      "BIG_FAV": 0.9497428704249583,
      "SLIGHT_FAV": 1.1631436722640793,
      "MOD_FAV": 0.980733250028496,
      "BIG_DOG": 0.8594727384279817,
      "SLIGHT_DOG": 1.028280128454489,
      "PICKEM": 0.8756994893062161
    },
    "probability": {
      "HIGH_PROB": 1.0446023215187354,
      "LOW_PROB": 1.023312526598323,
      "MOD_PROB": 1.046890350836434,
      "GOOD_PROB": 0.8965489776467473
    },
    "ev": {
      "NEG_EV": 1.0219174547728047,
      "MOD_EV": 1.1006213963966334,
      "LOW_EV": 0.9229769280168793,
      "VERY_HIGH_EV": 0.8647446954070145,
      "HIGH_EV": 1.4490210904674545,
      "GOOD_EV": 0.6420978975968077
    },
    "side": {
      "HOME": 0.9639370534713017,
      "AWAY": 1.0579356644553881
    }
  },
  "performance": {
    "grade": {
      "A": {
        "wins": 196,
        "losses": 160,
        "total": 356,
        "winRate": 55.0561797752809,
        "profit": 15.998689015013568,
        "risked": 383,
        "roi": 4.177203398175866
      },
      "A+": {
        "wins": 35,
        "losses": 28,
        "total": 63,
        "winRate": 55.55555555555556,
        "profit": -5.732464922344475,
        "risked": 63,
        "roi": -9.099150670388054
      },
      "B": {
        "wins": 71,
        "losses": 43,
        "total": 114,
        "winRate": 62.28070175438597,
        "profit": 0.04693687111449707,
        "risked": 118,
        "roi": 0.03977700941906531
      },
      "D": {
        "wins": 42,
        "losses": 11,
        "total": 53,
        "winRate": 79.24528301886792,
        "profit": 0.9946580988463998,
        "risked": 55,
        "roi": 1.808469270629818
      },
      "C": {
        "wins": 186,
        "losses": 60,
        "total": 246,
        "winRate": 75.60975609756098,
        "profit": -5.3826452167723575,
        "risked": 267.5,
        "roi": -2.0122038193541525
      },
      "B+": {
        "wins": 5,
        "losses": 0,
        "total": 5,
        "winRate": 100,
        "profit": 1.6444113402936935,
        "risked": 5,
        "roi": 32.88822680587387
      },
      "F": {
        "wins": 69,
        "losses": 21,
        "total": 90,
        "winRate": 76.66666666666667,
        "profit": -4.988182537399891,
        "risked": 94.5,
        "roi": -5.278500039576604
      }
    },
    "odds": {
      "HEAVY_FAV": {
        "wins": 254,
        "losses": 41,
        "total": 295,
        "winRate": 86.10169491525423,
        "profit": 1.410886320582738,
        "risked": 323,
        "roi": 0.4368069103971325
      },
      "BIG_FAV": {
        "wins": 95,
        "losses": 44,
        "total": 139,
        "winRate": 68.34532374100719,
        "profit": -3.671863983017839,
        "risked": 146,
        "roi": -2.5149753308341363
      },
      "SLIGHT_FAV": {
        "wins": 83,
        "losses": 52,
        "total": 135,
        "winRate": 61.48148148148148,
        "profit": 11.19379540080316,
        "risked": 136,
        "roi": 8.230731912355264
      },
      "MOD_FAV": {
        "wins": 76,
        "losses": 46,
        "total": 122,
        "winRate": 62.295081967213115,
        "profit": -1.257311025535993,
        "risked": 130.5,
        "roi": -0.9634567245486536
      },
      "BIG_DOG": {
        "wins": 7,
        "losses": 17,
        "total": 24,
        "winRate": 29.166666666666668,
        "profit": -2.13,
        "risked": 24,
        "roi": -8.875
      },
      "SLIGHT_DOG": {
        "wins": 56,
        "losses": 81,
        "total": 137,
        "winRate": 40.87591240875913,
        "profit": 2.064999999999995,
        "risked": 146,
        "roi": 1.4143835616438323
      },
      "PICKEM": {
        "wins": 33,
        "losses": 42,
        "total": 75,
        "winRate": 44,
        "profit": -5.029104064080626,
        "risked": 80.5,
        "roi": -6.247334241093946
      }
    },
    "probability": {
      "HIGH_PROB": {
        "wins": 310,
        "losses": 67,
        "total": 377,
        "winRate": 82.22811671087533,
        "profit": 9.093756485103862,
        "risked": 407.5,
        "roi": 2.23159668346107
      },
      "LOW_PROB": {
        "wins": 104,
        "losses": 126,
        "total": 230,
        "winRate": 45.21739130434783,
        "profit": 2.8271560861381753,
        "risked": 242.5,
        "roi": 1.165837561294093
      },
      "MOD_PROB": {
        "wins": 58,
        "losses": 46,
        "total": 104,
        "winRate": 55.769230769230774,
        "profit": 2.5222059715018394,
        "risked": 107.5,
        "roi": 2.3462381130249668
      },
      "GOOD_PROB": {
        "wins": 132,
        "losses": 84,
        "total": 216,
        "winRate": 61.111111111111114,
        "profit": -11.861715893992432,
        "risked": 228.5,
        "roi": -5.19112292953717
      }
    },
    "ev": {
      "NEG_EV": {
        "wins": 306,
        "losses": 81,
        "total": 387,
        "winRate": 79.06976744186046,
        "profit": 4.510238613734848,
        "risked": 411.5,
        "roi": 1.0960482657921866
      },
      "MOD_EV": {
        "wins": 92,
        "losses": 60,
        "total": 152,
        "winRate": 60.526315789473685,
        "profit": 8.127526357471503,
        "risked": 161,
        "roi": 5.048153017063045
      },
      "LOW_EV": {
        "wins": 103,
        "losses": 67,
        "total": 170,
        "winRate": 60.588235294117645,
        "profit": -6.9265398037540304,
        "risked": 179.5,
        "roi": -3.8587965480523847
      },
      "VERY_HIGH_EV": {
        "wins": 35,
        "losses": 46,
        "total": 81,
        "winRate": 43.20987654320987,
        "profit": -5.715749109840439,
        "risked": 84,
        "roi": -6.804463226000522
      },
      "HIGH_EV": {
        "wins": 37,
        "losses": 27,
        "total": 64,
        "winRate": 57.8125,
        "profit": 17.284177011760356,
        "risked": 71.5,
        "roi": 24.173674142322177
      },
      "GOOD_EV": {
        "wins": 31,
        "losses": 42,
        "total": 73,
        "winRate": 42.465753424657535,
        "profit": -14.698250420620802,
        "risked": 78.5,
        "roi": -18.723885886141147
      }
    },
    "side": {
      "HOME": {
        "wins": 369,
        "losses": 149,
        "total": 518,
        "winRate": 71.23552123552123,
        "profit": -9.975730815411175,
        "risked": 553,
        "roi": -1.8039296230399955
      },
      "AWAY": {
        "wins": 235,
        "losses": 174,
        "total": 409,
        "winRate": 57.457212713936435,
        "profit": 12.557133464162611,
        "risked": 433,
        "roi": 2.9000308231322425
      }
    }
  },
  "totalBets": 927,
  "lastUpdated": "2026-01-16T12:07:56.306Z",
  "config": {
    "fGradeCap": 0.5,
    "minSampleSize": 30,
    "unitThresholds": {
      "elite": 5.5,
      "high": 4.5,
      "good": 3.5,
      "moderate": 2.5,
      "low": 0
    },
    "maxWeightContribution": {
      "grade": 2,
      "odds": 2,
      "probability": 1.5,
      "ev": 1,
      "side": 0.5
    }
  }
}