{
  "weights": {
    "grade": {
      "A": 1.0582911642251938,
      "A+": 0.8199996857167117,
      "B": 0.9892588759582588,
      "D": 1.036153621103841,
      "C": 0.9597776357904635,
      "B+": 1,
      "F": 0.8948204520929793
    },
    "odds": {
      "HEAVY_FAV": 1.0125278757348897,
      "BIG_FAV": 0.970476293191766,
      "SLIGHT_FAV": 1.107575481317256,
      "MOD_FAV": 0.9631644071033858,
      "BIG_DOG": 0.9049544311472266,
      "SLIGHT_DOG": 0.9945625535884776,
      "PICKEM": 0.8810825310180804
    },
    "probability": {
      "HIGH_PROB": 1.0486825736071772,
      "LOW_PROB": 1.004415491597502,
      "MOD_PROB": 1.026696790359118,
      "GOOD_PROB": 0.8812370472845996
    },
    "ev": {
      "NEG_EV": 1.0219174547728047,
      "MOD_EV": 1.1083406434876193,
      "LOW_EV": 0.920761627561117,
      "VERY_HIGH_EV": 0.9792341875821483,
      "HIGH_EV": 1.365715293973775,
      "GOOD_EV": 0.5319570056991143
    },
    "side": {
      "HOME": 0.9604151034898318,
      "AWAY": 1.0401193831624398
    }
  },
  "performance": {
    "grade": {
      "A": {
        "wins": 207,
        "losses": 179,
        "total": 386,
        "winRate": 53.626943005181346,
        "profit": 12.138322744570274,
        "risked": 416,
        "roi": 2.9178660443678544,
        "avgModelProb": 0.6012,
        "actualWinRate": 0.5363,
        "calibError": -0.0649
      },
      "A+": {
        "wins": 35,
        "losses": 28,
        "total": 63,
        "winRate": 55.55555555555556,
        "profit": -5.732464922344475,
        "risked": 63,
        "roi": -9.099150670388054,
        "avgModelProb": 0.6322,
        "actualWinRate": 0.5556,
        "calibError": -0.0767
      },
      "B": {
        "wins": 79,
        "losses": 49,
        "total": 128,
        "winRate": 61.71875,
        "profit": -0.7089414515313803,
        "risked": 132,
        "roi": -0.5370768572207427,
        "avgModelProb": 0.639,
        "actualWinRate": 0.6172,
        "calibError": -0.0218
      },
      "D": {
        "wins": 42,
        "losses": 11,
        "total": 53,
        "winRate": 79.24528301886792,
        "profit": 0.9946580988463998,
        "risked": 55,
        "roi": 1.808469270629818,
        "avgModelProb": 0.7859,
        "actualWinRate": 0.7925,
        "calibError": 0.0065
      },
      "C": {
        "wins": 186,
        "losses": 60,
        "total": 246,
        "winRate": 75.60975609756098,
        "profit": -5.3826452167723575,
        "risked": 267.5,
        "roi": -2.0122038193541525,
        "avgModelProb": 0.731,
        "actualWinRate": 0.7561,
        "calibError": 0.0251
      },
      "B+": {
        "wins": 5,
        "losses": 0,
        "total": 5,
        "winRate": 100,
        "profit": 1.6444113402936935,
        "risked": 5,
        "roi": 32.88822680587387,
        "avgModelProb": 0.7732,
        "actualWinRate": 1,
        "calibError": 0.2268
      },
      "F": {
        "wins": 69,
        "losses": 21,
        "total": 90,
        "winRate": 76.66666666666667,
        "profit": -4.988182537399891,
        "risked": 94.5,
        "roi": -5.278500039576604,
        "avgModelProb": 0.7053,
        "actualWinRate": 0.7667,
        "calibError": 0.0614
      }
    },
    "odds": {
      "HEAVY_FAV": {
        "wins": 256,
        "losses": 41,
        "total": 297,
        "winRate": 86.19528619528619,
        "profit": 2.0358863205827378,
        "risked": 325,
        "roi": 0.626426560179304,
        "avgModelProb": 0.8282,
        "actualWinRate": 0.862,
        "calibError": 0.0338
      },
      "BIG_FAV": {
        "wins": 97,
        "losses": 45,
        "total": 142,
        "winRate": 68.30985915492957,
        "profit": -2.2444539946322406,
        "risked": 152,
        "roi": -1.47661447015279,
        "avgModelProb": 0.6965,
        "actualWinRate": 0.6831,
        "calibError": -0.0134
      },
      "SLIGHT_FAV": {
        "wins": 85,
        "losses": 57,
        "total": 142,
        "winRate": 59.859154929577464,
        "profit": 7.72152513676534,
        "risked": 143,
        "roi": 5.39966792780793,
        "avgModelProb": 0.5938,
        "actualWinRate": 0.5986,
        "calibError": 0.0048
      },
      "MOD_FAV": {
        "wins": 79,
        "losses": 49,
        "total": 128,
        "winRate": 61.71875,
        "profit": -2.5151672044448032,
        "risked": 136.5,
        "roi": -1.8426133365895996,
        "avgModelProb": 0.6528,
        "actualWinRate": 0.6172,
        "calibError": -0.0356
      },
      "BIG_DOG": {
        "wins": 9,
        "losses": 21,
        "total": 30,
        "winRate": 30,
        "profit": -1.4299999999999997,
        "risked": 30,
        "roi": -4.766666666666666,
        "avgModelProb": 0.3894,
        "actualWinRate": 0.3,
        "calibError": -0.0894
      },
      "SLIGHT_DOG": {
        "wins": 61,
        "losses": 90,
        "total": 151,
        "winRate": 40.397350993377486,
        "profit": -0.43500000000000516,
        "risked": 160,
        "roi": -0.27187500000000325,
        "avgModelProb": 0.4815,
        "actualWinRate": 0.404,
        "calibError": -0.0776
      },
      "PICKEM": {
        "wins": 36,
        "losses": 45,
        "total": 81,
        "winRate": 44.44444444444444,
        "profit": -5.167632202608765,
        "risked": 86.5,
        "roi": -5.974141274692213,
        "avgModelProb": 0.5595,
        "actualWinRate": 0.4444,
        "calibError": -0.1151
      }
    },
    "probability": {
      "HIGH_PROB": {
        "wins": 314,
        "losses": 69,
        "total": 383,
        "winRate": 81.98433420365535,
        "profit": 10.14616647348946,
        "risked": 416.5,
        "roi": 2.4360543753876254,
        "avgModelProb": 0.8138,
        "actualWinRate": 0.8198,
        "calibError": 0.0061
      },
      "LOW_PROB": {
        "wins": 111,
        "losses": 139,
        "total": 250,
        "winRate": 44.4,
        "profit": 0.5795370385191276,
        "risked": 262.5,
        "roi": 0.22077601467395339,
        "avgModelProb": 0.4772,
        "actualWinRate": 0.444,
        "calibError": -0.0332
      },
      "MOD_PROB": {
        "wins": 61,
        "losses": 50,
        "total": 111,
        "winRate": 54.95495495495496,
        "profit": 1.5287545077113927,
        "risked": 114.5,
        "roi": 1.3351567752937927,
        "avgModelProb": 0.5753,
        "actualWinRate": 0.5495,
        "calibError": -0.0258
      },
      "GOOD_PROB": {
        "wins": 137,
        "losses": 90,
        "total": 227,
        "winRate": 60.352422907488986,
        "profit": -14.289299964057705,
        "risked": 239.5,
        "roi": -5.966304786662924,
        "avgModelProb": 0.6504,
        "actualWinRate": 0.6035,
        "calibError": -0.0469
      }
    },
    "ev": {
      "NEG_EV": {
        "wins": 306,
        "losses": 81,
        "total": 387,
        "winRate": 79.06976744186046,
        "profit": 4.510238613734848,
        "risked": 411.5,
        "roi": 1.0960482657921866,
        "avgModelProb": 0.734,
        "actualWinRate": 0.7907,
        "calibError": 0.0567
      },
      "MOD_EV": {
        "wins": 98,
        "losses": 65,
        "total": 163,
        "winRate": 60.122699386503065,
        "profit": 9.517160087028211,
        "risked": 175,
        "roi": 5.4383771925875495,
        "avgModelProb": 0.6204,
        "actualWinRate": 0.6012,
        "calibError": -0.0191
      },
      "LOW_EV": {
        "wins": 111,
        "losses": 73,
        "total": 184,
        "winRate": 60.32608695652174,
        "profit": -7.682418126399908,
        "risked": 193.5,
        "roi": -3.970241925788066,
        "avgModelProb": 0.6445,
        "actualWinRate": 0.6033,
        "calibError": -0.0413
      },
      "VERY_HIGH_EV": {
        "wins": 40,
        "losses": 50,
        "total": 90,
        "winRate": 44.44444444444444,
        "profit": -0.9657491098404392,
        "risked": 93,