{
  "weights": {
    "grade": {
      "A": 1.081768167105623,
      "A+": 0.3495267768719359,
      "B": 0.8580875931724763,
      "D": 1.0904234635314909,
      "C": 0.8076183465717934,
      "B+": 1,
      "F": 0.5434615953377073
    },
    "odds": {
      "HEAVY_FAV": 1.038682350374956,
      "BIG_FAV": 0.8984297224938083,
      "SLIGHT_FAV": 1.2512990409330615,
      "MOD_FAV": 0.8986029115244234,
      "BIG_DOG": 0.576565155384895,
      "SLIGHT_DOG": 0.649088947291637,
      "PICKEM": 0.4039237052963205
    },
    "probability": {
      "HIGH_PROB": 1.1362279730570217,
      "LOW_PROB": 0.7347489851290778,
      "MOD_PROB": 1.0536362341829382,
      "GOOD_PROB": 0.5367556597218971
    },
    "ev": {
      "NEG_EV": 1.0548024132896092,
      "MOD_EV": 1.2171633412026108,
      "LOW_EV": 0.6158284808176665,
      "VERY_HIGH_EV": 0.9841916283589713,
      "HIGH_EV": 1.7280114201135715,
      "GOOD_EV": 0.09999999999999998
    },
    "side": {
      "HOME": 0.7850357760352377,
      "AWAY": 1.045345753666417
    }
  },
  "performance": {
    "grade": {
      "A": {
        "wins": 214,
        "losses": 190,
        "total": 404,
        "winRate": 52.97029702970298,
        "profit": 7.097476904768079,
        "risked": 434,
        "roi": 1.6353633421124603,
        "avgModelProb": 0.5991,
        "actualWinRate": 0.5297,
        "calibError": -0.0694
      },
      "A+": {
        "wins": 35,
        "losses": 28,
        "total": 63,
        "winRate": 55.55555555555556,
        "profit": -5.732464922344475,
        "risked": 63,
        "roi": -9.099150670388054,
        "avgModelProb": 0.6322,
        "actualWinRate": 0.5556,
        "calibError": -0.0767
      },
      "B": {
        "wins": 82,
        "losses": 51,
        "total": 133,
        "winRate": 61.65413533834586,
        "profit": -1.815002057591987,
        "risked": 137,
        "roi": -1.3248190201401364,
        "avgModelProb": 0.64,
        "actualWinRate": 0.6165,
        "calibError": -0.0235
      },
      "D": {
        "wins": 42,
        "losses": 11,
        "total": 53,
        "winRate": 79.24528301886792,
        "profit": 0.9946580988463998,
        "risked": 55,
        "roi": 1.808469270629818,
        "avgModelProb": 0.7859,
        "actualWinRate": 0.7925,
        "calibError": 0.0065
      },
      "C": {
        "wins": 187,
        "losses": 60,
        "total": 247,
        "winRate": 75.7085020242915,
        "profit": -4.965978550105691,
        "risked": 268.5,
        "roi": -1.8495264618643168,
        "avgModelProb": 0.7309,
        "actualWinRate": 0.7571,
        "calibError": 0.0261
      },
      "B+": {
        "wins": 5,
        "losses": 0,
        "total": 5,
        "winRate": 100,
        "profit": 1.6444113402936935,
        "risked": 5,
        "roi": 32.88822680587387,
        "avgModelProb": 0.7732,
        "actualWinRate": 1,
        "calibError": 0.2268
      },
      "F": {
        "wins": 69,
        "losses": 21,
        "total": 90,
        "winRate": 76.66666666666667,
        "profit": -4.988182537399891,
        "risked": 94.5,
        "roi": -5.278500039576604,
        "avgModelProb": 0.7053,
        "actualWinRate": 0.7667,
        "calibError": 0.0614
      }
    },
    "odds": {
      "HEAVY_FAV": {
        "wins": 258,
        "losses": 41,
        "total": 299,
        "winRate": 86.2876254180602,
        "profit": 2.5298257145221315,
        "risked": 327,
        "roi": 0.7736470074991227,
        "avgModelProb": 0.8282,
        "actualWinRate": 0.8629,
        "calibError": 0.0347
      },
      "BIG_FAV": {
        "wins": 99,
        "losses": 45,
        "total": 144,
        "winRate": 68.75,
        "profit": -1.4277873279655737,
        "risked": 154,
        "roi": -0.9271346285490738,
        "avgModelProb": 0.6971,
        "actualWinRate": 0.6875,
        "calibError": -0.0096
      },
      "SLIGHT_FAV": {
        "wins": 87,
        "losses": 59,
        "total": 146,
        "winRate": 59.589041095890416,
        "profit": 7.388191803432008,
        "risked": 147,
        "roi": 5.02598081866123,
        "avgModelProb": 0.5944,
        "actualWinRate": 0.5959,
        "calibError": 0.0015
      },
      "MOD_FAV": {
        "wins": 81,
        "losses": 49,
        "total": 130,
        "winRate": 62.30769230769231,
        "profit": -1.2817706200045755,
        "risked": 138.5,
        "roi": -0.9254661516278524,
        "avgModelProb": 0.6532,
        "actualWinRate": 0.6231,
        "calibError": -0.0301
      },
      "BIG_DOG": {
        "wins": 9,
        "losses": 21,
        "total": 30,
        "winRate": 30,
        "profit": -1.4299999999999997,
        "risked": 30,
        "roi": -4.766666666666666,
        "avgModelProb": 0.3894,
        "actualWinRate": 0.3,
        "calibError": -0.0894
      },
      "SLIGHT_DOG": {
        "wins": 62,
        "losses": 97,
        "total": 159,
        "winRate": 38.9937106918239,
        "profit": -6.2850000000000055,
        "risked": 168,
        "roi": -3.741071428571432,
        "avgModelProb": 0.4805,
        "actualWinRate": 0.3899,
        "calibError": -0.0906
      },
      "PICKEM": {
        "wins": 38,
        "losses": 49,
        "total": 87,
        "winRate": 43.67816091954023,
        "profit": -7.258541293517855,
        "risked": 92.5,
        "roi": -7.847071668667952,
        "avgModelProb": 0.5603,
        "actualWinRate": 0.4368,
        "calibError": -0.1235
      }
    },
    "probability": {
      "HIGH_PROB": {
        "wins": 318,
        "losses": 69,
        "total": 387,
        "winRate": 82.17054263565892,
        "profit": 11.45677253409552,
        "risked": 420.5,
        "roi": 2.724559461140433,
        "avgModelProb": 0.8135,
        "actualWinRate": 0.8217,
        "calibError": 0.0082
      },
      "LOW_PROB": {
        "wins": 112,
        "losses": 148,
        "total": 260,
        "winRate": 43.07692307692308,
        "profit": -7.270462961480872,
        "risked": 272.5,
        "roi": -2.6680598023783015,
        "avgModelProb": 0.4771,
        "actualWinRate": 0.4308,
        "calibError": -0.0463
      },
      "MOD_PROB": {
        "wins": 63,
        "losses": 52,
        "total": 115,
        "winRate": 54.78260869565217,
        "profit": 1.2711787501356353,
        "risked": 118.5,
        "roi": 1.072724683658764,
        "avgModelProb": 0.5753,
        "actualWinRate": 0.5478,
        "calibError": -0.0274
      },
      "GOOD_PROB": {
        "wins": 141,
        "losses": 92,
        "total": 233,
        "winRate": 60.51502145922747,
        "profit": -13.222570046284144,
        "risked": 245.5,
        "roi": -5.385975578934478,
        "avgModelProb": 0.6504,
        "actualWinRate": 0.6052,
        "calibError": -0.0452
      }
    },
    "ev": {
      "NEG_EV": {
        "wins": 306,
        "losses": 81,
        "total": 387,
        "winRate": 79.06976744186046,
        "profit": 4.510238613734848,
        "risked": 411.5,
        "roi": 1.0960482657921866,
        "avgModelProb": 0.734,
        "actualWinRate": 0.7907,
        "calibError": 0.0567
      },
      "MOD_EV": {
        "wins": 101,
        "losses": 69,
        "total": 170,
        "winRate": 59.411764705882355,
        "profit": 7.904745619775033,
        "risked": 182,
        "roi": 4.343266824052216,
        "avgModelProb": 0.6178,
        "actualWinRate": 0.5941,
        "calibError": -0.0237
      },
      "LOW_EV": {
        "wins": 115,
        "losses": 75,
        "total": 190,
        "winRate": 60.526315789473685,
        "profit": -8.371812065793847,
        "risked": 199.5,
        "roi": -4.196397025460575,
        "avgModelProb": 0.6455,
        "actualWinRate": 0.6053,
        "calibError": -0.0403
      },
      "VERY_HIGH_EV": {
        "wins": 42,
        "losses": 51,
        "total": 93,
        "winRate": 45.16129032258064,
        "profit": -0.13241577650710568,
        "risked": 96,