{
  "weights": {
    "grade": {
      "A": 1.3098858874575179,
      "A+": 0.8199996857167117,
      "B": 1.2178401754031714,
      "D": 1.036153621103841,
      "C": 0.9792076417101709,
      "B+": 1,
      "F": 0.8948204520929793
    },
    "odds": {
      "HEAVY_FAV": 1.022838491532798,
      "BIG_FAV": 0.9824596840151439,
      "SLIGHT_FAV": 1.088340040887676,
      "MOD_FAV": 1.0381237103088714,
      "BIG_DOG": 1,
      "SLIGHT_DOG": 1.440464540434635,
      "PICKEM": 0.9318084435819212
    },
    "probability": {
      "HIGH_PROB": 1.0602006291635733,
      "LOW_PROB": 1.2459210984157,
      "MOD_PROB": 1.0628352080505719,
      "GOOD_PROB": 0.8995009463879367
    },
    "ev": {
      "NEG_EV": 1.0219174547728047,
      "MOD_EV": 1.4378233609806215,
      "LOW_EV": 1.0482974025250498,
      "VERY_HIGH_EV": 0.5641249196767346,
      "HIGH_EV": 1.4277200601951878,
      "GOOD_EV": 0.8344170931733432
    },
    "side": {
      "HOME": 0.9935243789474402,
      "AWAY": 1.1782051578503525
    }
  },
  "performance": {
    "grade": {
      "A": {
        "wins": 80,
        "losses": 45,
        "total": 125,
        "winRate": 64,
        "profit": 22.10892270157683,
        "risked": 138,
        "roi": 16.0209584794035
      },
      "A+": {
        "wins": 35,
        "losses": 28,
        "total": 63,
        "winRate": 55.55555555555556,
        "profit": -5.732464922344475,
        "risked": 63,
        "roi": -9.099150670388054
      },
      "B": {
        "wins": 42,
        "losses": 19,
        "total": 61,
        "winRate": 68.85245901639344,
        "profit": 7.029055059155024,
        "risked": 63.5,
        "roi": 11.069378045913423
      },
      "D": {
        "wins": 42,
        "losses": 11,
        "total": 53,
        "winRate": 79.24528301886792,
        "profit": 0.9946580988463998,
        "risked": 55,
        "roi": 1.808469270629818
      },
      "C": {
        "wins": 185,
        "losses": 57,
        "total": 242,
        "winRate": 76.44628099173553,
        "profit": -2.7397880739152147,
        "risked": 263.5,
        "roi": -1.0397677699867987
      },
      "B+": {
        "wins": 5,
        "losses": 0,
        "total": 5,
        "winRate": 100,
        "profit": 1.6444113402936935,
        "risked": 5,
        "roi": 32.88822680587387
      },
      "F": {
        "wins": 69,
        "losses": 21,
        "total": 90,
        "winRate": 76.66666666666667,
        "profit": -4.988182537399891,
        "risked": 94.5,
        "roi": -5.278500039576604
      }
    },
    "odds": {
      "HEAVY_FAV": {
        "wins": 229,
        "losses": 31,
        "total": 260,
        "winRate": 88.07692307692308,
        "profit": 3.2264979839521866,
        "risked": 282.5,
        "roi": 1.142123180160066
      },
      "BIG_FAV": {
        "wins": 73,
        "losses": 32,
        "total": 105,
        "winRate": 69.52380952380952,
        "profit": -0.9823584484313189,
        "risked": 112,
        "roi": -0.8771057575279634
      },
      "SLIGHT_FAV": {
        "wins": 60,
        "losses": 41,
        "total": 101,
        "winRate": 59.4059405940594,
        "profit": 4.5171171104722845,
        "risked": 102,
        "roi": 4.428546186737534
      },
      "MOD_FAV": {
        "wins": 51,
        "losses": 28,
        "total": 79,
        "winRate": 64.55696202531645,
        "profit": 1.5829011472313592,
        "risked": 83,
        "roi": 1.9071098159413966
      },
      "BIG_DOG": {
        "wins": 0,
        "losses": 2,
        "total": 2,
        "winRate": 0,
        "profit": -2,
        "risked": 2,
        "roi": -100
      },
      "SLIGHT_DOG": {
        "wins": 26,
        "losses": 25,
        "total": 51,
        "winRate": 50.98039215686274,
        "profit": 13.474999999999998,
        "risked": 57,
        "roi": 23.64035087719298
      },
      "PICKEM": {
        "wins": 19,
        "losses": 22,
        "total": 41,
        "winRate": 46.34146341463415,
        "profit": -1.5025461270121454,
        "risked": 44,
        "roi": -3.4148775613912394
      }
    },
    "probability": {
      "HIGH_PROB": {
        "wins": 246,
        "losses": 37,
        "total": 283,
        "winRate": 86.92579505300353,
        "profit": 9.176642262062584,
        "risked": 304.5,
        "roi": 3.0136756197249865
      },
      "LOW_PROB": {
        "wins": 63,
        "losses": 51,
        "total": 114,
        "winRate": 55.26315789473685,
        "profit": 15.503367702860338,
        "risked": 123.5,
        "roi": 12.553334172356548
      },
      "MOD_PROB": {
        "wins": 46,
        "losses": 32,
        "total": 78,
        "winRate": 58.97435897435898,
        "profit": 2.485264995810864,
        "risked": 79,
        "roi": 3.1459050579884353
      },
      "GOOD_PROB": {
        "wins": 103,
        "losses": 61,
        "total": 164,
        "winRate": 62.80487804878049,
        "profit": -8.848663294521417,
        "risked": 175.5,
        "roi": -5.041973387191691
      }
    },
    "ev": {
      "NEG_EV": {
        "wins": 306,
        "losses": 81,
        "total": 387,
        "winRate": 79.06976744186046,
        "profit": 4.510238613734848,
        "risked": 411.5,
        "roi": 1.0960482657921866
      },
      "MOD_EV": {
        "wins": 42,
        "losses": 17,
        "total": 59,
        "winRate": 71.1864406779661,
        "profit": 15.025113429256288,
        "risked": 64,
        "roi": 23.476739733212952
      },
      "LOW_EV": {
        "wins": 74,
        "losses": 40,
        "total": 114,
        "winRate": 64.91228070175438,
        "profit": 2.948435527143637,
        "risked": 122,
        "roi": 2.4167504320849487
      },
      "VERY_HIGH_EV": {
        "wins": 14,
        "losses": 24,
        "total": 38,
        "winRate": 36.84210526315789,
        "profit": -9.576103896103897,
        "risked": 41,
        "roi": -23.356350966107065
      },
      "HIGH_EV": {
        "wins": 14,
        "losses": 9,
        "total": 23,
        "winRate": 60.86956521739131,
        "profit": 8.029602826510722,
        "risked": 25.5,
        "roi": 31.488638535336165
      },
      "GOOD_EV": {
        "wins": 8,
        "losses": 10,
        "total": 18,
        "winRate": 44.44444444444444,
        "profit": -2.6206748343292356,
        "risked": 18.5,
        "roi": -14.165809915293165
      }
    },
    "side": {
      "HOME": {
        "wins": 326,
        "losses": 110,
        "total": 436,
        "winRate": 74.77064220183486,
        "profit": -1.4975083006438608,
        "risked": 462.5,
        "roi": -0.3237855785175915
      },
      "AWAY": {
        "wins": 132,
        "losses": 71,
        "total": 203,
        "winRate": 65.02463054187191,
        "profit": 19.81411996685622,
        "risked": 220,
        "roi": 9.006418166752827
      }
    }
  },
  "totalBets": 639,
  "lastUpdated": "2025-12-23T11:38:35.407Z",
  "config": {
    "fGradeCap": 0.5,
    "minSampleSize": 30,
    "unitThresholds": {
      "elite": 5.5,
      "high": 4.5,
      "good": 3.5,
      "moderate": 2.5,
      "low": 0
    },
    "maxWeightContribution": {
      "grade": 2,
      "odds": 2,
      "probability": 1.5,
      "ev": 1,
      "side": 0.5
    }
  }
}