{
  "weights": {
    "grade": {
      "A": 1.2422991394620855,
      "A+": 0.848514810620072,
      "B": 1.0659242599804086,
      "D": 1.0152657261127729,
      "C": 0.7878472183754092,
      "B+": 1,
      "F": 0.8876910530075389
    },
    "odds": {
      "HEAVY_FAV": 0.8644833954383191,
      "BIG_FAV": 0.7518657145087625,
      "SLIGHT_FAV": 1.273571274750443,
      "MOD_FAV": 1.1597347413730046,
      "BIG_DOG": 1,
      "SLIGHT_DOG": 0.8521127037893649,
      "PICKEM": 0.6898034339829823
    },
    "probability": {
      "HIGH_PROB": 0.8818692184073436,
      "LOW_PROB": 0.8567087354551588,
      "MOD_PROB": 0.9317725755359701,
      "GOOD_PROB": 0.9484260403499383
    },
    "ev": {
      "NEG_EV": 0.8980089767331313,
      "MOD_EV": 1.1237005313572894,
      "LOW_EV": 1.09539099891873,
      "VERY_HIGH_EV": 0.6878288387962881,
      "HIGH_EV": 1,
      "GOOD_EV": 1
    },
    "side": {
      "HOME": 0.8943760262926441,
      "AWAY": 0.922595025629068
    }
  },
  "performance": {
    "grade": {
      "A": {
        "wins": 24,
        "losses": 12,
        "total": 36,
        "winRate": 66.66666666666666,
        "profit": 4.573481402219549,
        "risked": 37,
        "roi": 12.360760546539321
      },
      "A+": {
        "wins": 35,
        "losses": 27,
        "total": 62,
        "winRate": 56.451612903225815,
        "profit": -4.732464922344475,
        "risked": 62,
        "roi": -7.6330079392652825
      },
      "B": {
        "wins": 11,
        "losses": 5,
        "total": 16,
        "winRate": 68.75,
        "profit": 0.9939468411441796,
        "risked": 16,
        "roi": 6.212167757151123
      },
      "D": {
        "wins": 7,
        "losses": 3,
        "total": 10,
        "winRate": 70,
        "profit": 0.22914618371712203,
        "risked": 10,
        "roi": 2.2914618371712203
      },
      "C": {
        "wins": 103,
        "losses": 34,
        "total": 137,
        "winRate": 75.18248175182481,
        "profit": -15.833701866517242,
        "risked": 147,
        "roi": -10.771225759535538
      },
      "B+": {
        "wins": 5,
        "losses": 0,
        "total": 5,
        "winRate": 100,
        "profit": 1.6444113402936935,
        "risked": 5,
        "roi": 32.88822680587387
      },
      "F": {
        "wins": 45,
        "losses": 14,
        "total": 59,
        "winRate": 76.27118644067797,
        "profit": -3.3271500818650814,
        "risked": 59,
        "roi": -5.639237426889968
      }
    },
    "odds": {
      "HEAVY_FAV": {
        "wins": 119,
        "losses": 20,
        "total": 139,
        "winRate": 85.61151079136691,
        "profit": -9.817591923184217,
        "risked": 144,
        "roi": -6.817772168877928
      },
      "BIG_FAV": {
        "wins": 39,
        "losses": 19,
        "total": 58,
        "winRate": 67.24137931034483,
        "profit": -7.982846657455523,
        "risked": 63,
        "roi": -12.671185170564323
      },
      "SLIGHT_FAV": {
        "wins": 31,
        "losses": 17,
        "total": 48,
        "winRate": 64.58333333333334,
        "profit": 6.7372786714286725,
        "risked": 48,
        "roi": 14.03599723214307
      },
      "MOD_FAV": {
        "wins": 26,
        "losses": 12,
        "total": 38,
        "winRate": 68.42105263157895,
        "profit": 3.0611751262051374,
        "risked": 38,
        "roi": 8.05572401632931
      },
      "BIG_DOG": {
        "wins": 0,
        "losses": 1,
        "total": 1,
        "winRate": 0,
        "profit": -1,
        "risked": 1,
        "roi": -100
      },
      "SLIGHT_DOG": {
        "wins": 7,
        "losses": 12,
        "total": 19,
        "winRate": 36.84210526315789,
        "profit": -2.26,
        "risked": 19,
        "roi": -11.894736842105262
      },
      "PICKEM": {
        "wins": 8,
        "losses": 14,
        "total": 22,
        "winRate": 36.36363636363637,
        "profit": -5.190346320346319,
        "risked": 23,
        "roi": -22.56672313194052
      }
    },
    "probability": {
      "HIGH_PROB": {
        "wins": 119,
        "losses": 22,
        "total": 141,
        "winRate": 84.39716312056737,
        "profit": -8.66399983450705,
        "risked": 146,
        "roi": -5.934246461991131
      },
      "LOW_PROB": {
        "wins": 27,
        "losses": 24,
        "total": 51,
        "winRate": 52.94117647058824,
        "profit": -3.931745273025806,
        "risked": 54.5,
        "roi": -7.214211510139093
      },
      "MOD_PROB": {
        "wins": 24,
        "losses": 19,
        "total": 43,
        "winRate": 55.81395348837209,
        "profit": -1.4691721190194216,
        "risked": 43,
        "roi": -3.4166793465567946
      },
      "GOOD_PROB": {
        "wins": 60,
        "losses": 30,
        "total": 90,
        "winRate": 66.66666666666666,
        "profit": -2.3874138767999735,
        "risked": 92.5,
        "roi": -2.5809879749188904
      }
    },
    "ev": {
      "NEG_EV": {
        "wins": 181,
        "losses": 53,
        "total": 234,
        "winRate": 77.35042735042735,
        "profit": -12.48632053178245,
        "risked": 244,
        "roi": -5.117344480238709
      },
      "MOD_EV": {
        "wins": 10,
        "losses": 4,
        "total": 14,
        "winRate": 71.42857142857143,
        "profit": 1.9008955049875769,
        "risked": 14,
        "roi": 13.57782503562555
      },
      "LOW_EV": {
        "wins": 21,
        "losses": 11,
        "total": 32,
        "winRate": 65.625,
        "profit": 1.5309107825094805,
        "risked": 32,
        "roi": 4.784096195342126
      },
      "VERY_HIGH_EV": {
        "wins": 10,
        "losses": 17,
        "total": 27,
        "winRate": 37.03703703703704,
        "profit": -4.885194805194805,
        "risked": 27,
        "roi": -18.093314093314095
      },
      "HIGH_EV": {
        "wins": 6,
        "losses": 3,
        "total": 9,
        "winRate": 66.66666666666666,
        "profit": 1.538287037037037,
        "risked": 9,
        "roi": 17.092078189300413
      },
      "GOOD_EV": {
        "wins": 2,
        "losses": 7,
        "total": 9,
        "winRate": 22.22222222222222,
        "profit": -4.050909090909091,
        "risked": 10,
        "roi": -40.50909090909091
      }
    },
    "side": {
      "HOME": {
        "wins": 172,
        "losses": 60,
        "total": 232,
        "winRate": 74.13793103448276,
        "profit": -12.748835186454377,
        "risked": 240.5,
        "roi": -5.3009709714987014
      },
      "AWAY": {
        "wins": 58,
        "losses": 35,
        "total": 93,
        "winRate": 62.365591397849464,
        "profit": -3.703495916897875,
        "risked": 95.5,
        "roi": -3.8780061957045815
      }
    }
  },
  "totalBets": 325,
  "lastUpdated": "2025-12-05T16:52:28.814Z",
  "config": {
    "fGradeCap": 0.5,
    "minSampleSize": 30,
    "unitThresholds": {
      "elite": 5.5,
      "high": 4.5,
      "good": 3.5,
      "moderate": 2.5,
      "low": 0
    },
    "maxWeightContribution": {
      "grade": 2,
      "odds": 2,
      "probability": 1.5,
      "ev": 1,
      "side": 0.5
    }
  }
}