{
  "weights": {
    "grade": {
      "A": 1.2415206445219429,
      "A+": 0.8199996857167117,
      "B": 1.2779693658250824,
      "D": 1.036153621103841,
      "C": 0.9792076417101709,
      "B+": 1,
      "F": 0.8948204520929793
    },
    "odds": {
      "HEAVY_FAV": 1.0275127976745257,
      "BIG_FAV": 1.0020870539309348,
      "SLIGHT_FAV": 1.127118063460246,
      "MOD_FAV": 0.9244587750861532,
      "BIG_DOG": 1,
      "SLIGHT_DOG": 1.412187212110908,
      "PICKEM": 1.0509137452600001
    },
    "probability": {
      "HIGH_PROB": 1.0517091925618072,
      "LOW_PROB": 1.272868649622758,
      "MOD_PROB": 1.0770078822444242,
      "GOOD_PROB": 0.8918403428424324
    },
    "ev": {
      "NEG_EV": 1.0219174547728047,
      "MOD_EV": 1.3356500846962274,
      "LOW_EV": 1.09540410305317,
      "VERY_HIGH_EV": 0.7993561609333397,
      "HIGH_EV": 1.5705514743594753,
      "GOOD_EV": 0.46288183414863704
    },
    "side": {
      "HOME": 0.986909085940341,
      "AWAY": 1.1902255827758252
    }
  },
  "performance": {
    "grade": {
      "A": {
        "wins": 104,
        "losses": 64,
        "total": 168,
        "winRate": 61.904761904761905,
        "profit": 22.298143532321337,
        "risked": 181,
        "roi": 12.319416316199634
      },
      "A+": {
        "wins": 35,
        "losses": 28,
        "total": 63,
        "winRate": 55.55555555555556,
        "profit": -5.732464922344475,
        "risked": 63,
        "roi": -9.099150670388054
      },
      "B": {
        "wins": 49,
        "losses": 20,
        "total": 69,
        "winRate": 71.01449275362319,
        "profit": 10.348651751770584,
        "risked": 72.5,
        "roi": 14.274002416235287
      },
      "D": {
        "wins": 42,
        "losses": 11,
        "total": 53,
        "winRate": 79.24528301886792,
        "profit": 0.9946580988463998,
        "risked": 55,
        "roi": 1.808469270629818
      },
      "C": {
        "wins": 185,
        "losses": 57,
        "total": 242,
        "winRate": 76.44628099173553,
        "profit": -2.7397880739152147,
        "risked": 263.5,
        "roi": -1.0397677699867987
      },
      "B+": {
        "wins": 5,
        "losses": 0,
        "total": 5,
        "winRate": 100,
        "profit": 1.6444113402936935,
        "risked": 5,
        "roi": 32.88822680587387
      },
      "F": {
        "wins": 69,
        "losses": 21,
        "total": 90,
        "winRate": 76.66666666666667,
        "profit": -4.988182537399891,
        "risked": 94.5,
        "roi": -5.278500039576604
      }
    },
    "odds": {
      "HEAVY_FAV": {
        "wins": 236,
        "losses": 32,
        "total": 268,
        "winRate": 88.05970149253731,
        "profit": 3.997242642207995,
        "risked": 290.5,
        "roi": 1.3759871401748693
      },
      "BIG_FAV": {
        "wins": 78,
        "losses": 33,
        "total": 111,
        "winRate": 70.27027027027027,
        "profit": 0.12313636071090661,
        "risked": 118,
        "roi": 0.10435284806009035
      },
      "SLIGHT_FAV": {
        "wins": 63,
        "losses": 41,
        "total": 104,
        "winRate": 60.57692307692307,
        "profit": 6.709997692247384,
        "risked": 105,
        "roi": 6.390473992616556
      },
      "MOD_FAV": {
        "wins": 54,
        "losses": 34,
        "total": 88,
        "winRate": 61.36363636363637,
        "profit": -3.5193715800413683,
        "risked": 93,
        "roi": -3.7842705161735144
      },
      "BIG_DOG": {
        "wins": 0,
        "losses": 3,
        "total": 3,
        "winRate": 0,
        "profit": -3,
        "risked": 3,
        "roi": -100
      },
      "SLIGHT_DOG": {
        "wins": 34,
        "losses": 34,
        "total": 68,
        "winRate": 50,
        "profit": 16.214999999999996,
        "risked": 74,
        "roi": 21.912162162162158
      },
      "PICKEM": {
        "wins": 24,
        "losses": 24,
        "total": 48,
        "winRate": 50,
        "profit": 1.2994240744475123,
        "risked": 51,
        "roi": 2.547890342053946
      }
    },
    "probability": {
      "HIGH_PROB": {
        "wins": 260,
        "losses": 43,
        "total": 303,
        "winRate": 85.8085808580858,
        "profit": 8.397306189892275,
        "risked": 324.5,
        "roi": 2.5877677010453852
      },
      "LOW_PROB": {
        "wins": 74,
        "losses": 61,
        "total": 135,
        "winRate": 54.81481481481482,
        "profit": 20.227156086138177,
        "risked": 144.5,
        "roi": 13.99803189352123
      },
      "MOD_PROB": {
        "wins": 48,
        "losses": 33,
        "total": 81,
        "winRate": 59.25925925925925,
        "profit": 3.1635866741325422,
        "risked": 82,
        "roi": 3.85803252942993
      },
      "GOOD_PROB": {
        "wins": 107,
        "losses": 64,
        "total": 171,
        "winRate": 62.57309941520468,
        "profit": -9.962619760590561,
        "risked": 183.5,
        "roi": -5.429220577978508
      }
    },
    "ev": {
      "NEG_EV": {
        "wins": 306,
        "losses": 81,
        "total": 387,
        "winRate": 79.06976744186046,
        "profit": 4.510238613734848,
        "risked": 411.5,
        "roi": 1.0960482657921866
      },
      "MOD_EV": {
        "wins": 54,
        "losses": 24,
        "total": 78,
        "winRate": 69.23076923076923,
        "profit": 14.491061623471936,
        "risked": 83,
        "roi": 17.459110389725225
      },
      "LOW_EV": {
        "wins": 81,
        "losses": 41,
        "total": 122,
        "winRate": 66.39344262295081,
        "profit": 6.268032219759198,
        "risked": 131,
        "roi": 4.78475741966351
      },
      "VERY_HIGH_EV": {
        "wins": 19,
        "losses": 26,
        "total": 45,
        "winRate": 42.22222222222222,
        "profit": -4.8816794356722415,
        "risked": 48,
        "roi": -10.170165490983836
      },
      "HIGH_EV": {
        "wins": 18,
        "losses": 11,
        "total": 29,
        "winRate": 62.06896551724138,
        "profit": 10.678693735601628,
        "risked": 31.5,
        "roi": 33.90061503365596
      },
      "GOOD_EV": {
        "wins": 11,
        "losses": 18,
        "total": 29,
        "winRate": 37.93103448275862,
        "profit": -9.240917567322944,
        "risked": 29.5,
        "roi": -31.325144296009977
      }
    },
    "side": {
      "HOME": {
        "wins": 334,
        "losses": 115,
        "total": 449,
        "winRate": 74.38752783964365,
        "profit": -3.112542626727116,
        "risked": 475.5,
        "roi": -0.6545830971034944
      },
      "AWAY": {
        "wins": 155,
        "losses": 86,
        "total": 241,
        "winRate": 64.31535269709543,
        "profit": 24.937971816299545,
        "risked": 259,
        "roi": 9.6285605468338
      }
    }
  },
  "totalBets": 690,
  "lastUpdated": "2026-01-01T13:24:06.752Z",
  "config": {
    "fGradeCap": 0.5,
    "minSampleSize": 30,
    "unitThresholds": {
      "elite": 5.5,
      "high": 4.5,
      "good": 3.5,
      "moderate": 2.5,
      "low": 0
    },
    "maxWeightContribution": {
      "grade": 2,
      "odds": 2,
      "probability": 1.5,
      "ev": 1,
      "side": 0.5
    }
  }
}