{
  "weights": {
    "grade": {
      "A": 1.2356128247595177,
      "A+": 0.8199996857167117,
      "B": 1.2752996564461552,
      "D": 1.036153621103841,
      "C": 0.9792076417101709,
      "B+": 1,
      "F": 0.8948204520929793
    },
    "odds": {
      "HEAVY_FAV": 1.019189629144158,
      "BIG_FAV": 1.0050337171451251,
      "SLIGHT_FAV": 1.10133144051904,
      "MOD_FAV": 0.9901862244203611,
      "BIG_DOG": 1,
      "SLIGHT_DOG": 1.3472143414561855,
      "PICKEM": 0.9787627723659398
    },
    "probability": {
      "HIGH_PROB": 1.0553247843932603,
      "LOW_PROB": 1.2333423618183583,
      "MOD_PROB": 1.0371145691319108,
      "GOOD_PROB": 0.8995009463879367
    },
    "ev": {
      "NEG_EV": 1.0219174547728047,
      "MOD_EV": 1.3037094600677692,
      "LOW_EV": 1.0848430297655036,
      "VERY_HIGH_EV": 0.6889513015330196,
      "HIGH_EV": 1.5384766236110738,
      "GOOD_EV": 0.5624593376303033
    },
    "side": {
      "HOME": 0.9938507681786624,
      "AWAY": 1.1581910514222107
    }
  },
  "performance": {
    "grade": {
      "A": {
        "wins": 88,
        "losses": 55,
        "total": 143,
        "winRate": 61.53846153846154,
        "profit": 18.729668322051452,
        "risked": 156,
        "roi": 12.006197642340673
      },
      "A+": {
        "wins": 35,
        "losses": 28,
        "total": 63,
        "winRate": 55.55555555555556,
        "profit": -5.732464922344475,
        "risked": 63,
        "roi": -9.099150670388054
      },
      "B": {
        "wins": 45,
        "losses": 19,
        "total": 64,
        "winRate": 70.3125,
        "profit": 9.396087649206482,
        "risked": 66.5,
        "roi": 14.129455111588696
      },
      "D": {
        "wins": 42,
        "losses": 11,
        "total": 53,
        "winRate": 79.24528301886792,
        "profit": 0.9946580988463998,
        "risked": 55,
        "roi": 1.808469270629818
      },
      "C": {
        "wins": 185,
        "losses": 57,
        "total": 242,
        "winRate": 76.44628099173553,
        "profit": -2.7397880739152147,
        "risked": 263.5,
        "roi": -1.0397677699867987
      },
      "B+": {
        "wins": 5,
        "losses": 0,
        "total": 5,
        "winRate": 100,
        "profit": 1.6444113402936935,
        "risked": 5,
        "roi": 32.88822680587387
      },
      "F": {
        "wins": 69,
        "losses": 21,
        "total": 90,
        "winRate": 76.66666666666667,
        "profit": -4.988182537399891,
        "risked": 94.5,
        "roi": -5.278500039576604
      }
    },
    "odds": {
      "HEAVY_FAV": {
        "wins": 231,
        "losses": 32,
        "total": 263,
        "winRate": 87.83269961977186,
        "profit": 2.7396558786890286,
        "risked": 285.5,
        "roi": 0.9595992569838979
      },
      "BIG_FAV": {
        "wins": 76,
        "losses": 32,
        "total": 108,
        "winRate": 70.37037037037037,
        "profit": 0.2894411805111672,
        "risked": 115,
        "roi": 0.25168798305318885
      },
      "SLIGHT_FAV": {
        "wins": 61,
        "losses": 41,
        "total": 102,
        "winRate": 59.80392156862745,
        "profit": 5.236541570903939,
        "risked": 103,
        "roi": 5.084020942625184
      },
      "MOD_FAV": {
        "wins": 51,
        "losses": 30,
        "total": 81,
        "winRate": 62.96296296296296,
        "profit": -0.4170988527686408,
        "risked": 85,
        "roi": -0.49070453266898917
      },
      "BIG_DOG": {
        "wins": 0,
        "losses": 2,
        "total": 2,
        "winRate": 0,
        "profit": -2,
        "risked": 2,
        "roi": -100
      },
      "SLIGHT_DOG": {
        "wins": 29,
        "losses": 31,
        "total": 60,
        "winRate": 48.333333333333336,
        "profit": 11.954999999999997,
        "risked": 66,
        "roi": 18.11363636363636
      },
      "PICKEM": {
        "wins": 21,
        "losses": 23,
        "total": 44,
        "winRate": 47.72727272727273,
        "profit": -0.499149900597051,
        "risked": 47,
        "roi": -1.0620210651001085
      }
    },
    "probability": {
      "HIGH_PROB": {
        "wins": 252,
        "losses": 40,
        "total": 292,
        "winRate": 86.3013698630137,
        "profit": 8.681024246173568,
        "risked": 313.5,
        "roi": 2.7690667451909308
      },
      "LOW_PROB": {
        "wins": 68,
        "losses": 57,
        "total": 125,
        "winRate": 54.400000000000006,
        "profit": 15.986763929275432,
        "risked": 134.5,
        "roi": 11.886069835892513
      },
      "MOD_PROB": {
        "wins": 46,
        "losses": 33,
        "total": 79,
        "winRate": 58.22784810126582,
        "profit": 1.485264995810864,
        "risked": 80,
        "roi": 1.8565812447635797
      },
      "GOOD_PROB": {
        "wins": 103,
        "losses": 61,
        "total": 164,
        "winRate": 62.80487804878049,
        "profit": -8.848663294521417,
        "risked": 175.5,
        "roi": -5.041973387191691
      }
    },
    "ev": {
      "NEG_EV": {
        "wins": 306,
        "losses": 81,
        "total": 387,
        "winRate": 79.06976744186046,
        "profit": 4.510238613734848,
        "risked": 411.5,
        "roi": 1.0960482657921866
      },
      "MOD_EV": {
        "wins": 46,
        "losses": 22,
        "total": 68,
        "winRate": 67.64705882352942,
        "profit": 11.446434589299253,
        "risked": 73,
        "roi": 15.680047382601717
      },
      "LOW_EV": {
        "wins": 77,
        "losses": 40,
        "total": 117,
        "winRate": 65.8119658119658,
        "profit": 5.3154681171950955,
        "risked": 125,
        "roi": 4.252374493756077
      },
      "VERY_HIGH_EV": {
        "wins": 16,
        "losses": 24,
        "total": 40,
        "winRate": 40,
        "profit": -6.916679435672242,
        "risked": 43,
        "roi": -16.08530101319126
      },
      "HIGH_EV": {
        "wins": 16,
        "losses": 9,
        "total": 25,
        "winRate": 64,
        "profit": 10.569602826510721,
        "risked": 27.5,
        "roi": 38.434919369129894
      },
      "GOOD_EV": {
        "wins": 8,
        "losses": 15,
        "total": 23,
        "winRate": 34.78260869565217,
        "profit": -7.620674834329236,
        "risked": 23.5,
        "roi": -32.42840355033717
      }
    },
    "side": {
      "HOME": {
        "wins": 330,
        "losses": 112,
        "total": 442,
        "winRate": 74.6606334841629,
        "profit": -1.4404757105924026,
        "risked": 468.5,
        "roi": -0.3074654665085171
      },
      "AWAY": {
        "wins": 139,
        "losses": 79,
        "total": 218,
        "winRate": 63.76146788990825,
        "profit": 18.744865587330843,
        "risked": 235,
        "roi": 7.9765385478003585
      }
    }
  },
  "totalBets": 660,
  "lastUpdated": "2025-12-30T13:10:54.686Z",
  "config": {
    "fGradeCap": 0.5,
    "minSampleSize": 30,
    "unitThresholds": {
      "elite": 5.5,
      "high": 4.5,
      "good": 3.5,
      "moderate": 2.5,
      "low": 0
    },
    "maxWeightContribution": {
      "grade": 2,
      "odds": 2,
      "probability": 1.5,
      "ev": 1,
      "side": 0.5
    }
  }
}