{
  "weights": {
    "grade": {
      "A": 1.0576450042047536,
      "A+": 0.3495267768719359,
      "B": 0.9889338883884354,
      "D": 1.0904234635314909,
      "C": 0.8076183465717934,
      "B+": 1,
      "F": 0.5434615953377073
    },
    "odds": {
      "HEAVY_FAV": 1.0430479170972706,
      "BIG_FAV": 0.9187033199340937,
      "SLIGHT_FAV": 1.235820642976476,
      "MOD_FAV": 0.8700113514897986,
      "BIG_DOG": 0.33315967936647484,
      "SLIGHT_DOG": 0.7924488925947151,
      "PICKEM": 0.389616564723983
    },
    "probability": {
      "HIGH_PROB": 1.141233820088204,
      "LOW_PROB": 0.7678341102412817,
      "MOD_PROB": 1.0509077309968893,
      "GOOD_PROB": 0.5209017131689649
    },
    "ev": {
      "NEG_EV": 1.0548024132896092,
      "MOD_EV": 1.1515154251423365,
      "LOW_EV": 0.6611578096617765,
      "VERY_HIGH_EV": 1.1958792111746448,
      "HIGH_EV": 1.380859212833961,
      "GOOD_EV": 0.09999999999999998
    },
    "side": {
      "HOME": 0.8164665650727012,
      "AWAY": 1.025005923191642
    }
  },
  "performance": {
    "grade": {
      "A": {
        "wins": 228,
        "losses": 208,
        "total": 436,
        "winRate": 52.293577981651374,
        "profit": 5.3840433927239815,
        "risked": 467,
        "roi": 1.152900084095071,
        "avgModelProb": 0.5937,
        "actualWinRate": 0.5229,
        "calibError": -0.0707
      },
      "A+": {
        "wins": 35,
        "losses": 28,
        "total": 63,
        "winRate": 55.55555555555556,
        "profit": -5.732464922344475,
        "risked": 63,
        "roi": -9.099150670388054,
        "avgModelProb": 0.6322,
        "actualWinRate": 0.5556,
        "calibError": -0.0767
      },
      "B": {
        "wins": 89,
        "losses": 54,
        "total": 143,
        "winRate": 62.23776223776224,
        "profit": -0.14159642868458072,
        "risked": 147,
        "roi": -0.09632410114597328,
        "avgModelProb": 0.6374,
        "actualWinRate": 0.6224,
        "calibError": -0.015
      },
      "D": {
        "wins": 42,
        "losses": 11,
        "total": 53,
        "winRate": 79.24528301886792,
        "profit": 0.9946580988463998,
        "risked": 55,
        "roi": 1.808469270629818,
        "avgModelProb": 0.7859,
        "actualWinRate": 0.7925,
        "calibError": 0.0065
      },
      "C": {
        "wins": 187,
        "losses": 60,
        "total": 247,
        "winRate": 75.7085020242915,
        "profit": -4.965978550105691,
        "risked": 268.5,
        "roi": -1.8495264618643168,
        "avgModelProb": 0.7309,
        "actualWinRate": 0.7571,
        "calibError": 0.0261
      },
      "B+": {
        "wins": 5,
        "losses": 0,
        "total": 5,
        "winRate": 100,
        "profit": 1.6444113402936935,
        "risked": 5,
        "roi": 32.88822680587387,
        "avgModelProb": 0.7732,
        "actualWinRate": 1,
        "calibError": 0.2268
      },
      "F": {
        "wins": 69,
        "losses": 21,
        "total": 90,
        "winRate": 76.66666666666667,
        "profit": -4.988182537399891,
        "risked": 94.5,
        "roi": -5.278500039576604,
        "avgModelProb": 0.7053,
        "actualWinRate": 0.7667,
        "calibError": 0.0614
      }
    },
    "odds": {
      "HEAVY_FAV": {
        "wins": 259,
        "losses": 41,
        "total": 300,
        "winRate": 86.33333333333333,
        "profit": 2.823943361580955,
        "risked": 328,
        "roi": 0.860958341945413,
        "avgModelProb": 0.8281,
        "actualWinRate": 0.8633,
        "calibError": 0.0352
      },
      "BIG_FAV": {
        "wins": 102,
        "losses": 46,
        "total": 148,
        "winRate": 68.91891891891892,
        "profit": -1.1596794196137628,
        "risked": 158,
        "roi": -0.7339743162112422,
        "avgModelProb": 0.6985,
        "actualWinRate": 0.6892,
        "calibError": -0.0093
      },
      "SLIGHT_FAV": {
        "wins": 92,
        "losses": 63,
        "total": 155,
        "winRate": 59.354838709677416,
        "profit": 7.357604060866047,
        "risked": 156,
        "roi": 4.716412859529518,
        "avgModelProb": 0.5951,
        "actualWinRate": 0.5935,
        "calibError": -0.0016
      },
      "MOD_FAV": {
        "wins": 82,
        "losses": 50,
        "total": 132,
        "winRate": 62.121212121212125,
        "profit": -1.6935353258869283,
        "risked": 140.5,
        "roi": -1.2053632212718353,
        "avgModelProb": 0.6538,
        "actualWinRate": 0.6212,
        "calibError": -0.0326
      },
      "BIG_DOG": {
        "wins": 10,
        "losses": 25,
        "total": 35,
        "winRate": 28.57142857142857,
        "profit": -3.3299999999999996,
        "risked": 35,
        "roi": -9.514285714285712,
        "avgModelProb": 0.3885,
        "actualWinRate": 0.2857,
        "calibError": -0.1027
      },
      "SLIGHT_DOG": {
        "wins": 69,
        "losses": 105,
        "total": 174,
        "winRate": 39.6551724137931,
        "profit": -3.6850000000000045,
        "risked": 183,
        "roi": -2.0136612021857947,
        "avgModelProb": 0.4799,
        "actualWinRate": 0.3966,
        "calibError": -0.0834
      },
      "PICKEM": {
        "wins": 41,
        "losses": 52,
        "total": 93,
        "winRate": 44.086021505376344,
        "profit": -8.118442283616865,
        "risked": 99.5,
        "roi": -8.15923847599685,
        "avgModelProb": 0.5582,
        "actualWinRate": 0.4409,
        "calibError": -0.1173
      }
    },
    "probability": {
      "HIGH_PROB": {
        "wins": 322,
        "losses": 70,
        "total": 392,
        "winRate": 82.14285714285714,
        "profit": 12.018998089506155,
        "risked": 425.5,
        "roi": 2.824676401764079,
        "avgModelProb": 0.8128,
        "actualWinRate": 0.8214,
        "calibError": 0.0087
      },
      "LOW_PROB": {
        "wins": 122,
        "losses": 162,
        "total": 284,
        "winRate": 42.95774647887324,
        "profit": -6.780363951579881,
        "risked": 296.5,
        "roi": -2.2868006582056934,
        "avgModelProb": 0.4758,
        "actualWinRate": 0.4296,
        "calibError": -0.0462
      },
      "MOD_PROB": {
        "wins": 66,
        "losses": 54,
        "total": 120,
        "winRate": 55.00000000000001,
        "profit": 1.267602501822545,
        "risked": 124.5,
        "roi": 1.018154619937787,
        "avgModelProb": 0.5748,
        "actualWinRate": 0.55,
        "calibError": -0.0248
      },
      "GOOD_PROB": {
        "wins": 145,
        "losses": 96,
        "total": 241,
        "winRate": 60.16597510373444,
        "profit": -14.311346246419369,
        "risked": 253.5,
        "roi": -5.645501477877463,
        "avgModelProb": 0.6501,
        "actualWinRate": 0.6017,
        "calibError": -0.0484
      }
    },
    "ev": {
      "NEG_EV": {
        "wins": 306,
        "losses": 81,
        "total": 387,
        "winRate": 79.06976744186046,
        "profit": 4.510238613734848,
        "risked": 411.5,
        "roi": 1.0960482657921866,
        "avgModelProb": 0.734,
        "actualWinRate": 0.7907,
        "calibError": 0.0567
      },
      "MOD_EV": {
        "wins": 107,
        "losses": 76,
        "total": 183,
        "winRate": 58.46994535519126,
        "profit": 5.939404665579589,
        "risked": 196,
        "roi": 3.0303085028467294,
        "avgModelProb": 0.6129,
        "actualWinRate": 0.5847,
        "calibError": -0.0282
      },
      "LOW_EV": {
        "wins": 121,
        "losses": 78,
        "total": 199,
        "winRate": 60.80402010050251,
        "profit": -7.467637206117209,
        "risked": 208.5,
        "roi": -3.5816005784734815,
        "avgModelProb": 0.6437,
        "actualWinRate": 0.608,
        "calibError": -0.0356
      },
      "VERY_HIGH_EV": {
        "wins": 45,
        "losses": 52,
        "total": 97,
        "winRate": 46.391752577319586,
        "profit": 3.917584223492895,