{
  "weights": {
    "grade": {
      "A": 1.1125501991603395,
      "A+": 0.8199996857167117,
      "B": 1.0431695302701665,
      "D": 1.2560167258375319,
      "C": 0.9939292367026765,
      "B+": 1,
      "F": 0.932902052392407
    },
    "odds": {
      "HEAVY_FAV": 1.011770996888101,
      "BIG_FAV": 0.9453140126394891,
      "SLIGHT_FAV": 1.272904603776744,
      "MOD_FAV": 0.9534806357040072,
      "BIG_DOG": 1,
      "SLIGHT_DOG": 0.7306206231050496,
      "PICKEM": 0.8858889500392471
    },
    "probability": {
      "HIGH_PROB": 1.030219386431048,
      "LOW_PROB": 1.0649304873540038,
      "MOD_PROB": 1.089690014532051,
      "GOOD_PROB": 0.8796828099007188
    },
    "ev": {
      "NEG_EV": 1.0491140192703774,
      "MOD_EV": 1.0671421308699849,
      "LOW_EV": 0.983940370074516,
      "VERY_HIGH_EV": 0.572634289392667,
      "HIGH_EV": 1.0357478019897046,
      "GOOD_EV": 0.8313375389204929
    },
    "side": {
      "HOME": 0.9589877522000718,
      "AWAY": 1.1097273994675991
    }
  },
  "performance": {
    "grade": {
      "A": {
        "wins": 38,
        "losses": 24,
        "total": 62,
        "winRate": 61.29032258064516,
        "profit": 3.6451881290780275,
        "risked": 64.5,
        "roi": 5.651454463686864
      },
      "A+": {
        "wins": 35,
        "losses": 28,
        "total": 63,
        "winRate": 55.55555555555556,
        "profit": -5.732464922344475,
        "risked": 63,
        "roi": -9.099150670388054
      },
      "B": {
        "wins": 19,
        "losses": 11,
        "total": 30,
        "winRate": 63.33333333333333,
        "profit": 0.6911420372524197,
        "risked": 32,
        "roi": 2.159818866413812
      },
      "D": {
        "wins": 24,
        "losses": 5,
        "total": 29,
        "winRate": 82.75862068965517,
        "profit": 4.205330292081367,
        "risked": 31,
        "roi": 13.56558158735925
      },
      "C": {
        "wins": 180,
        "losses": 53,
        "total": 233,
        "winRate": 77.25321888412017,
        "profit": -0.7725141197991553,
        "risked": 254.5,
        "roi": -0.3035418938307094
      },
      "B+": {
        "wins": 5,
        "losses": 0,
        "total": 5,
        "winRate": 100,
        "profit": 1.6444113402936935,
        "risked": 5,
        "roi": 32.88822680587387
      },
      "F": {
        "wins": 66,
        "losses": 18,
        "total": 84,
        "winRate": 78.57142857142857,
        "profit": -2.9735519955279694,
        "risked": 88.5,
        "roi": -3.359945757658723
      }
    },
    "odds": {
      "HEAVY_FAV": {
        "wins": 199,
        "losses": 27,
        "total": 226,
        "winRate": 88.05309734513274,
        "profit": 1.4390708361689388,
        "risked": 244.5,
        "roi": 0.5885770291079504
      },
      "BIG_FAV": {
        "wins": 60,
        "losses": 28,
        "total": 88,
        "winRate": 68.18181818181817,
        "profit": -2.6001784640912042,
        "risked": 95,
        "roi": -2.7370299622012673
      },
      "SLIGHT_FAV": {
        "wins": 49,
        "losses": 27,
        "total": 76,
        "winRate": 64.47368421052632,
        "profit": 10.709980295378497,
        "risked": 76.5,
        "roi": 13.99997424232483
      },
      "MOD_FAV": {
        "wins": 37,
        "losses": 23,
        "total": 60,
        "winRate": 61.66666666666667,
        "profit": -1.4896948703192678,
        "risked": 64,
        "roi": -2.327648234873856
      },
      "BIG_DOG": {
        "wins": 0,
        "losses": 1,
        "total": 1,
        "winRate": 0,
        "profit": -1,
        "risked": 1,
        "roi": -100
      },
      "SLIGHT_DOG": {
        "wins": 7,
        "losses": 14,
        "total": 21,
        "winRate": 33.33333333333333,
        "profit": -4.26,
        "risked": 21,
        "roi": -20.285714285714285
      },
      "PICKEM": {
        "wins": 15,
        "losses": 19,
        "total": 34,
        "winRate": 44.11764705882353,
        "profit": -2.0916370361030547,
        "risked": 36.5,
        "roi": -5.730512427679602
      }
    },
    "probability": {
      "HIGH_PROB": {
        "wins": 202,
        "losses": 30,
        "total": 232,
        "winRate": 87.06896551724138,
        "profit": 3.7710166486424286,
        "risked": 249.5,
        "roi": 1.5114295184939592
      },
      "LOW_PROB": {
        "wins": 42,
        "losses": 34,
        "total": 76,
        "winRate": 55.26315789473685,
        "profit": 2.568367702860336,
        "risked": 79,
        "roi": 3.2510983580510584
      },
      "MOD_PROB": {
        "wins": 40,
        "losses": 26,
        "total": 66,
        "winRate": 60.60606060606061,
        "profit": 3.0127112726724325,
        "risked": 67,
        "roi": 4.496583989063333
      },
      "GOOD_PROB": {
        "wins": 83,
        "losses": 49,
        "total": 132,
        "winRate": 62.878787878787875,
        "profit": -8.644554863141284,
        "risked": 143,
        "roi": -6.0451432609379605
      }
    },
    "ev": {
      "NEG_EV": {
        "wins": 286,
        "losses": 73,
        "total": 359,
        "winRate": 79.66573816155989,
        "profit": 9.425196521255533,
        "risked": 383.5,
        "roi": 2.457678362778496
      },
      "MOD_EV": {
        "wins": 17,
        "losses": 10,
        "total": 27,
        "winRate": 62.96296296296296,
        "profit": 1.0090066292277333,
        "risked": 27,
        "roi": 3.7370615897323454
      },
      "LOW_EV": {
        "wins": 43,
        "losses": 25,
        "total": 68,
        "winRate": 63.23529411764706,
        "profit": -0.6063031575011419,
        "risked": 75.5,
        "roi": -0.8030505397366118
      },
      "VERY_HIGH_EV": {
        "wins": 10,
        "losses": 19,
        "total": 29,
        "winRate": 34.48275862068966,
        "profit": -6.885194805194805,
        "risked": 29,
        "roi": -23.74205105239588
      },
      "HIGH_EV": {
        "wins": 6,
        "losses": 4,
        "total": 10,
        "winRate": 60,
        "profit": 0.5382870370370372,
        "risked": 10,
        "roi": 5.382870370370372
      },
      "GOOD_EV": {
        "wins": 5,
        "losses": 8,
        "total": 13,
        "winRate": 38.46153846153847,
        "profit": -2.7734514637904457,
        "risked": 13.5,
        "roi": -20.544084916966266
      }
    },
    "side": {
      "HOME": {
        "wins": 273,
        "losses": 90,
        "total": 363,
        "winRate": 75.20661157024794,
        "profit": -7.8582533040086835,
        "risked": 383,
        "roi": -2.0517632647542254
      },
      "AWAY": {
        "wins": 94,
        "losses": 49,
        "total": 143,
        "winRate": 65.73426573426573,
        "profit": 8.565794065042587,
        "risked": 155.5,
        "roi": 5.508549237969509
      }
    }
  },
  "totalBets": 506,
  "lastUpdated": "2025-12-12T15:26:04.315Z",
  "config": {
    "fGradeCap": 0.5,
    "minSampleSize": 30,
    "unitThresholds": {
      "elite": 5.5,
      "high": 4.5,
      "good": 3.5,
      "moderate": 2.5,
      "low": 0
    },
    "maxWeightContribution": {
      "grade": 2,
      "odds": 2,
      "probability": 1.5,
      "ev": 1,
      "side": 0.5
    }
  }
}