{
  "weights": {
    "grade": {
      "A": 1.2063052992782533,
      "A+": 0.8199996857167117,
      "B": 1.033106485324661,
      "D": 1.036153621103841,
      "C": 0.9792076417101709,
      "B+": 1,
      "F": 0.8948204520929793
    },
    "odds": {
      "HEAVY_FAV": 1.0151002635038908,
      "BIG_FAV": 0.9297086030924092,
      "SLIGHT_FAV": 1.0794428547330097,
      "MOD_FAV": 0.9805152467873326,
      "BIG_DOG": 1,
      "SLIGHT_DOG": 1.1877462058682855,
      "PICKEM": 0.8496726937047716
    },
    "probability": {
      "HIGH_PROB": 1.0298087315191466,
      "LOW_PROB": 1.1015587109648008,
      "MOD_PROB": 1.122467490431885,
      "GOOD_PROB": 0.8441531721781105
    },
    "ev": {
      "NEG_EV": 1.0219174547728047,
      "MOD_EV": 1.3242640857298993,
      "LOW_EV": 0.9396856225005068,
      "VERY_HIGH_EV": 0.6161176246646831,
      "HIGH_EV": 1.0052189462560426,
      "GOOD_EV": 0.9289688929651032
    },
    "side": {
      "HOME": 0.973570792341742,
      "AWAY": 1.0725427129266103
    }
  },
  "performance": {
    "grade": {
      "A": {
        "wins": 61,
        "losses": 36,
        "total": 97,
        "winRate": 62.88659793814433,
        "profit": 11.145720655412932,
        "risked": 106.5,
        "roi": 10.465465404143599
      },
      "A+": {
        "wins": 35,
        "losses": 28,
        "total": 63,
        "winRate": 55.55555555555556,
        "profit": -5.732464922344475,
        "risked": 63,
        "roi": -9.099150670388054
      },
      "B": {
        "wins": 30,
        "losses": 17,
        "total": 47,
        "winRate": 63.829787234042556,
        "profit": 0.8196850683990813,
        "risked": 49.5,
        "roi": 1.655929431109255
      },
      "D": {
        "wins": 42,
        "losses": 11,
        "total": 53,
        "winRate": 79.24528301886792,
        "profit": 0.9946580988463998,
        "risked": 55,
        "roi": 1.808469270629818
      },
      "C": {
        "wins": 185,
        "losses": 57,
        "total": 242,
        "winRate": 76.44628099173553,
        "profit": -2.7397880739152147,
        "risked": 263.5,
        "roi": -1.0397677699867987
      },
      "B+": {
        "wins": 5,
        "losses": 0,
        "total": 5,
        "winRate": 100,
        "profit": 1.6444113402936935,
        "risked": 5,
        "roi": 32.88822680587387
      },
      "F": {
        "wins": 69,
        "losses": 21,
        "total": 90,
        "winRate": 76.66666666666667,
        "profit": -4.988182537399891,
        "risked": 94.5,
        "roi": -5.278500039576604
      }
    },
    "odds": {
      "HEAVY_FAV": {
        "wins": 224,
        "losses": 31,
        "total": 255,
        "winRate": 87.84313725490196,
        "profit": 2.095320827775031,
        "risked": 277.5,
        "roi": 0.7550705685675787
      },
      "BIG_FAV": {
        "wins": 67,
        "losses": 32,
        "total": 99,
        "winRate": 67.67676767676768,
        "profit": -3.73159794778002,
        "risked": 106,
        "roi": -3.5203754224339816
      },
      "SLIGHT_FAV": {
        "wins": 55,
        "losses": 38,
        "total": 93,
        "winRate": 59.13978494623656,
        "profit": 3.7416989598557837,
        "risked": 94,
        "roi": 3.9805308083572166
      },
      "MOD_FAV": {
        "wins": 47,
        "losses": 28,
        "total": 75,
        "winRate": 62.66666666666667,
        "profit": -0.76974517445521,
        "risked": 79,
        "roi": -0.9743609803230505
      },
      "BIG_DOG": {
        "wins": 0,
        "losses": 1,
        "total": 1,
        "winRate": 0,
        "profit": -1,
        "risked": 1,
        "roi": -100
      },
      "SLIGHT_DOG": {
        "wins": 18,
        "losses": 19,
        "total": 37,
        "winRate": 48.64864864864865,
        "profit": 3.799999999999999,
        "risked": 40,
        "roi": 9.499999999999996
      },
      "PICKEM": {
        "wins": 16,
        "losses": 21,
        "total": 37,
        "winRate": 43.24324324324324,
        "profit": -2.9916370361030546,
        "risked": 39.5,
        "roi": -7.573764648362164
      }
    },
    "probability": {
      "HIGH_PROB": {
        "wins": 234,
        "losses": 37,
        "total": 271,
        "winRate": 86.34686346863468,
        "profit": 4.360818907972135,
        "risked": 292.5,
        "roi": 1.4908782591357725
      },
      "LOW_PROB": {
        "wins": 53,
        "losses": 44,
        "total": 97,
        "winRate": 54.63917525773196,
        "profit": 5.248367702860337,
        "risked": 103,
        "roi": 5.095502624136249
      },
      "MOD_PROB": {
        "wins": 45,
        "losses": 29,
        "total": 74,
        "winRate": 60.810810810810814,
        "profit": 4.615699778419559,
        "risked": 75,
        "roi": 6.154266371226079
      },
      "GOOD_PROB": {
        "wins": 95,
        "losses": 60,
        "total": 155,
        "winRate": 61.29032258064516,
        "profit": -13.080846759959497,
        "risked": 166.5,
        "roi": -7.856364420396095
      }
    },
    "ev": {
      "NEG_EV": {
        "wins": 306,
        "losses": 81,
        "total": 387,
        "winRate": 79.06976744186046,
        "profit": 4.510238613734848,
        "risked": 411.5,
        "roi": 1.0960482657921866
      },
      "MOD_EV": {
        "wins": 31,
        "losses": 15,
        "total": 46,
        "winRate": 67.3913043478261,
        "profit": 8.410122959705767,
        "risked": 50,
        "roi": 16.820245919411533
      },
      "LOW_EV": {
        "wins": 62,
        "losses": 38,
        "total": 100,
        "winRate": 62,
        "profit": -3.260934463612304,
        "risked": 108,
        "roi": -3.0193837626039848
      },
      "VERY_HIGH_EV": {
        "wins": 13,
        "losses": 21,
        "total": 34,
        "winRate": 38.23529411764706,
        "profit": -7.485194805194806,
        "risked": 37,
        "roi": -20.230256230256234
      },
      "HIGH_EV": {
        "wins": 8,
        "losses": 7,
        "total": 15,
        "winRate": 53.333333333333336,
        "profit": 0.07828703703703699,
        "risked": 15,
        "roi": 0.5219135802469133
      },
      "GOOD_EV": {
        "wins": 7,
        "losses": 8,
        "total": 15,
        "winRate": 46.666666666666664,
        "profit": -1.1084797123780161,
        "risked": 15.5,
        "roi": -7.151482015342039
      }
    },
    "side": {
      "HOME": {
        "wins": 315,
        "losses": 105,
        "total": 420,
        "winRate": 75,
        "profit": -5.868650778172287,
        "risked": 444,
        "roi": -1.3217681932820466
      },
      "AWAY": {
        "wins": 112,
        "losses": 65,
        "total": 177,
        "winRate": 63.2768361581921,
        "profit": 7.012690407464813,
        "risked": 193,
        "roi": 3.633518345836691
      }
    }
  },
  "totalBets": 597,
  "lastUpdated": "2025-12-19T13:39:47.602Z",
  "config": {
    "fGradeCap": 0.5,
    "minSampleSize": 30,
    "unitThresholds": {
      "elite": 5.5,
      "high": 4.5,
      "good": 3.5,
      "moderate": 2.5,
      "low": 0
    },
    "maxWeightContribution": {
      "grade": 2,
      "odds": 2,
      "probability": 1.5,
      "ev": 1,
      "side": 0.5
    }
  }
}