{
  "weights": {
    "grade": {
      "A": 1.1565830080895418,
      "A+": 0.3495267768719359,
      "B": 0.7917226243205107,
      "D": 1.0904234635314909,
      "C": 0.7925823232696377,
      "B+": 1,
      "F": 0.5434615953377073
    },
    "odds": {
      "HEAVY_FAV": 1.0313213280089653,
      "BIG_FAV": 0.8431712544542525,
      "SLIGHT_FAV": 1.297043696878426,
      "MOD_FAV": 0.8082635969188959,
      "BIG_DOG": 0.576565155384895,
      "SLIGHT_DOG": 0.9129510455810017,
      "PICKEM": 0.4429491254220336
    },
    "probability": {
      "HIGH_PROB": 1.1218027187693813,
      "LOW_PROB": 0.9883005750847792,
      "MOD_PROB": 1.0584587056242372,
      "GOOD_PROB": 0.5019501048934141
    },
    "ev": {
      "NEG_EV": 1.0548024132896092,
      "MOD_EV": 1.2940481085329985,
      "LOW_EV": 0.5643098392160563,
      "VERY_HIGH_EV": 0.886951229505746,
      "HIGH_EV": 1.958669598104722,
      "GOOD_EV": 0.09999999999999998
    },
    "side": {
      "HOME": 0.7646821159390413,
      "AWAY": 1.1102783645927432
    }
  },
  "performance": {
    "grade": {
      "A": {
        "wins": 209,
        "losses": 180,
        "total": 389,
        "winRate": 53.72750642673522,
        "profit": 13.121656077903609,
        "risked": 419,
        "roi": 3.1316601617908377,
        "avgModelProb": 0.6008,
        "actualWinRate": 0.5373,
        "calibError": -0.0635
      },
      "A+": {
        "wins": 35,
        "losses": 28,
        "total": 63,
        "winRate": 55.55555555555556,
        "profit": -5.732464922344475,
        "risked": 63,
        "roi": -9.099150670388054,
        "avgModelProb": 0.6322,
        "actualWinRate": 0.5556,
        "calibError": -0.0767
      },
      "B": {
        "wins": 79,
        "losses": 51,
        "total": 130,
        "winRate": 60.76923076923077,
        "profit": -2.7089414515313806,
        "risked": 134,
        "roi": -2.021598098157747,
        "avgModelProb": 0.6363,
        "actualWinRate": 0.6077,
        "calibError": -0.0286
      },
      "D": {
        "wins": 42,
        "losses": 11,
        "total": 53,
        "winRate": 79.24528301886792,
        "profit": 0.9946580988463998,
        "risked": 55,
        "roi": 1.808469270629818,
        "avgModelProb": 0.7859,
        "actualWinRate": 0.7925,
        "calibError": 0.0065
      },
      "C": {
        "wins": 186,
        "losses": 60,
        "total": 246,
        "winRate": 75.60975609756098,
        "profit": -5.3826452167723575,
        "risked": 267.5,
        "roi": -2.0122038193541525,
        "avgModelProb": 0.731,
        "actualWinRate": 0.7561,
        "calibError": 0.0251
      },
      "B+": {
        "wins": 5,
        "losses": 0,
        "total": 5,
        "winRate": 100,
        "profit": 1.6444113402936935,
        "risked": 5,
        "roi": 32.88822680587387,
        "avgModelProb": 0.7732,
        "actualWinRate": 1,
        "calibError": 0.2268
      },
      "F": {
        "wins": 69,
        "losses": 21,
        "total": 90,
        "winRate": 76.66666666666667,
        "profit": -4.988182537399891,
        "risked": 94.5,
        "roi": -5.278500039576604,
        "avgModelProb": 0.7053,
        "actualWinRate": 0.7667,
        "calibError": 0.0614
      }
    },
    "odds": {
      "HEAVY_FAV": {
        "wins": 256,
        "losses": 41,
        "total": 297,
        "winRate": 86.19528619528619,
        "profit": 2.0358863205827378,
        "risked": 325,
        "roi": 0.626426560179304,
        "avgModelProb": 0.8282,
        "actualWinRate": 0.862,
        "calibError": 0.0338
      },
      "BIG_FAV": {
        "wins": 97,
        "losses": 45,
        "total": 142,
        "winRate": 68.30985915492957,
        "profit": -2.2444539946322406,
        "risked": 152,
        "roi": -1.47661447015279,
        "avgModelProb": 0.6965,
        "actualWinRate": 0.6831,
        "calibError": -0.0134
      },
      "SLIGHT_FAV": {
        "wins": 86,
        "losses": 57,
        "total": 143,
        "winRate": 60.13986013986013,
        "profit": 8.554858470098674,
        "risked": 144,
        "roi": 5.940873937568523,
        "avgModelProb": 0.5939,
        "actualWinRate": 0.6014,
        "calibError": 0.0075
      },
      "MOD_FAV": {
        "wins": 79,
        "losses": 49,
        "total": 128,
        "winRate": 61.71875,
        "profit": -2.5151672044448032,
        "risked": 136.5,
        "roi": -1.8426133365895996,
        "avgModelProb": 0.6528,
        "actualWinRate": 0.6172,
        "calibError": -0.0356
      },
      "BIG_DOG": {
        "wins": 9,
        "losses": 21,
        "total": 30,
        "winRate": 30,
        "profit": -1.4299999999999997,
        "risked": 30,
        "roi": -4.766666666666666,
        "avgModelProb": 0.3894,
        "actualWinRate": 0.3,
        "calibError": -0.0894
      },
      "SLIGHT_DOG": {
        "wins": 62,
        "losses": 92,
        "total": 154,
        "winRate": 40.25974025974026,
        "profit": -1.285000000000005,
        "risked": 163,
        "roi": -0.7883435582822116,
        "avgModelProb": 0.4815,
        "actualWinRate": 0.4026,
        "calibError": -0.0789
      },
      "PICKEM": {
        "wins": 36,
        "losses": 46,
        "total": 82,
        "winRate": 43.90243902439025,
        "profit": -6.167632202608765,
        "risked": 87.5,
        "roi": -7.04872251726716,
        "avgModelProb": 0.5596,
        "actualWinRate": 0.439,
        "calibError": -0.1205
      }
    },
    "probability": {
      "HIGH_PROB": {
        "wins": 314,
        "losses": 69,
        "total": 383,
        "winRate": 81.98433420365535,
        "profit": 10.14616647348946,
        "risked": 416.5,
        "roi": 2.4360543753876254,
        "avgModelProb": 0.8138,
        "actualWinRate": 0.8198,
        "calibError": 0.0061
      },
      "LOW_PROB": {
        "wins": 112,
        "losses": 141,
        "total": 253,
        "winRate": 44.26877470355731,
        "profit": -0.27046296148087245,
        "risked": 265.5,
        "roi": -0.10186928869336062,
        "avgModelProb": 0.4772,
        "actualWinRate": 0.4427,
        "calibError": -0.0345
      },
      "MOD_PROB": {
        "wins": 62,
        "losses": 51,
        "total": 113,
        "winRate": 54.86725663716814,
        "profit": 1.3620878410447261,
        "risked": 116.5,
        "roi": 1.1691741124847435,
        "avgModelProb": 0.5754,
        "actualWinRate": 0.5487,
        "calibError": -0.0268
      },
      "GOOD_PROB": {
        "wins": 137,
        "losses": 90,
        "total": 227,
        "winRate": 60.352422907488986,
        "profit": -14.289299964057705,
        "risked": 239.5,
        "roi": -5.966304786662924,
        "avgModelProb": 0.6504,
        "actualWinRate": 0.6035,
        "calibError": -0.0469
      }
    },
    "ev": {
      "NEG_EV": {
        "wins": 306,
        "losses": 81,
        "total": 387,
        "winRate": 79.06976744186046,
        "profit": 4.510238613734848,
        "risked": 411.5,
        "roi": 1.0960482657921866,
        "avgModelProb": 0.734,
        "actualWinRate": 0.7907,
        "calibError": 0.0567
      },
      "MOD_EV": {
        "wins": 99,
        "losses": 65,
        "total": 164,
        "winRate": 60.36585365853659,
        "profit": 10.350493420361545,
        "risked": 176,
        "roi": 5.880962170659969,
        "avgModelProb": 0.6202,
        "actualWinRate": 0.6037,
        "calibError": -0.0166
      },
      "LOW_EV": {
        "wins": 111,
        "losses": 75,
        "total": 186,
        "winRate": 59.67741935483871,
        "profit": -9.682418126399908,
        "risked": 195.5,
        "roi": -4.9526435429155535,
        "avgModelProb": 0.6426,
        "actualWinRate": 0.5968,
        "calibError": -0.0458
      },
      "VERY_HIGH_EV": {
        "wins": 40,
        "losses": 50,
        "total": 90,
        "winRate": 44.44444444444444,
        "profit": -0.9657491098404392,
        "risked": 93,