{
  "weights": {
    "grade": {
      "A": 1.1182727638699723,
      "A+": 0.3495267768719359,
      "B": 0.9334053381003633,
      "D": 1.0904234635314909,
      "C": 0.8076183465717934,
      "B+": 1,
      "F": 0.5434615953377073
    },
    "odds": {
      "HEAVY_FAV": 1.0430479170972706,
      "BIG_FAV": 0.8984297224938083,
      "SLIGHT_FAV": 1.2910057381336184,
      "MOD_FAV": 0.8986029115244234,
      "BIG_DOG": 1.1080645161290323,
      "SLIGHT_DOG": 0.6323056242099515,
      "PICKEM": 0.46093352534618826
    },
    "probability": {
      "HIGH_PROB": 1.1393937150789364,
      "LOW_PROB": 0.8229616227364385,
      "MOD_PROB": 1.0476502793606546,
      "GOOD_PROB": 0.5792063768679094
    },
    "ev": {
      "NEG_EV": 1.0548024132896092,
      "MOD_EV": 1.2114657228867167,
      "LOW_EV": 0.6570650399692292,
      "VERY_HIGH_EV": 1.1014218671903553,
      "HIGH_EV": 1.6550431217681756,
      "GOOD_EV": 0.09999999999999998
    },
    "side": {
      "HOME": 0.8060353302063223,
      "AWAY": 1.0764573384918767
    }
  },
  "performance": {
    "grade": {
      "A": {
        "wins": 218,
        "losses": 192,
        "total": 410,
        "winRate": 53.170731707317074,
        "profit": 10.408003220557553,
        "risked": 440,
        "roi": 2.365455277399444,
        "avgModelProb": 0.5978,
        "actualWinRate": 0.5317,
        "calibError": -0.0661
      },
      "A+": {
        "wins": 35,
        "losses": 28,
        "total": 63,
        "winRate": 55.55555555555556,
        "profit": -5.732464922344475,
        "risked": 63,
        "roi": -9.099150670388054,
        "avgModelProb": 0.6322,
        "actualWinRate": 0.5556,
        "calibError": -0.0767
      },
      "B": {
        "wins": 85,
        "losses": 52,
        "total": 137,
        "winRate": 62.04379562043796,
        "profit": -0.8411302282183801,
        "risked": 141,
        "roi": -0.5965462611477873,
        "avgModelProb": 0.6395,
        "actualWinRate": 0.6204,
        "calibError": -0.0191
      },
      "D": {
        "wins": 42,
        "losses": 11,
        "total": 53,
        "winRate": 79.24528301886792,
        "profit": 0.9946580988463998,
        "risked": 55,
        "roi": 1.808469270629818,
        "avgModelProb": 0.7859,
        "actualWinRate": 0.7925,
        "calibError": 0.0065
      },
      "C": {
        "wins": 187,
        "losses": 60,
        "total": 247,
        "winRate": 75.7085020242915,
        "profit": -4.965978550105691,
        "risked": 268.5,
        "roi": -1.8495264618643168,
        "avgModelProb": 0.7309,
        "actualWinRate": 0.7571,
        "calibError": 0.0261
      },
      "B+": {
        "wins": 5,
        "losses": 0,
        "total": 5,
        "winRate": 100,
        "profit": 1.6444113402936935,
        "risked": 5,
        "roi": 32.88822680587387,
        "avgModelProb": 0.7732,
        "actualWinRate": 1,
        "calibError": 0.2268
      },
      "F": {
        "wins": 69,
        "losses": 21,
        "total": 90,
        "winRate": 76.66666666666667,
        "profit": -4.988182537399891,
        "risked": 94.5,
        "roi": -5.278500039576604,
        "avgModelProb": 0.7053,
        "actualWinRate": 0.7667,
        "calibError": 0.0614
      }
    },
    "odds": {
      "HEAVY_FAV": {
        "wins": 259,
        "losses": 41,
        "total": 300,
        "winRate": 86.33333333333333,
        "profit": 2.823943361580955,
        "risked": 328,
        "roi": 0.860958341945413,
        "avgModelProb": 0.8281,
        "actualWinRate": 0.8633,
        "calibError": 0.0352
      },
      "BIG_FAV": {
        "wins": 99,
        "losses": 45,
        "total": 144,
        "winRate": 68.75,
        "profit": -1.4277873279655737,
        "risked": 154,
        "roi": -0.9271346285490738,
        "avgModelProb": 0.6971,
        "actualWinRate": 0.6875,
        "calibError": -0.0096
      },
      "SLIGHT_FAV": {
        "wins": 90,
        "losses": 60,
        "total": 150,
        "winRate": 60,
        "profit": 8.788373291635276,
        "risked": 151,
        "roi": 5.820114762672368,
        "avgModelProb": 0.5941,
        "actualWinRate": 0.6,
        "calibError": 0.0059
      },
      "MOD_FAV": {
        "wins": 81,
        "losses": 49,
        "total": 130,
        "winRate": 62.30769230769231,
        "profit": -1.2817706200045755,
        "risked": 138.5,
        "roi": -0.9254661516278524,
        "avgModelProb": 0.6532,
        "actualWinRate": 0.6231,
        "calibError": -0.0301
      },
      "BIG_DOG": {
        "wins": 10,
        "losses": 21,
        "total": 31,
        "winRate": 32.25806451612903,
        "profit": 0.6700000000000004,
        "risked": 31,
        "roi": 2.1612903225806464,
        "avgModelProb": 0.3905,
        "actualWinRate": 0.3226,
        "calibError": -0.068
      },
      "SLIGHT_DOG": {
        "wins": 63,
        "losses": 99,
        "total": 162,
        "winRate": 38.88888888888889,
        "profit": -6.7850000000000055,
        "risked": 171,
        "roi": -3.9678362573099446,
        "avgModelProb": 0.4806,
        "actualWinRate": 0.3889,
        "calibError": -0.0917
      },
      "PICKEM": {
        "wins": 39,
        "losses": 49,
        "total": 88,
        "winRate": 44.31818181818182,
        "profit": -6.2684422836168645,
        "risked": 93.5,
        "roi": -6.704216346114293,
        "avgModelProb": 0.5599,
        "actualWinRate": 0.4432,
        "calibError": -0.1168
      }
    },
    "probability": {
      "HIGH_PROB": {
        "wins": 319,
        "losses": 69,
        "total": 388,
        "winRate": 82.21649484536083,
        "profit": 11.750890181154345,
        "risked": 421.5,
        "roi": 2.7878743015787295,
        "avgModelProb": 0.8134,
        "actualWinRate": 0.8222,
        "calibError": 0.0087
      },
      "LOW_PROB": {
        "wins": 115,
        "losses": 150,
        "total": 265,
        "winRate": 43.39622641509434,
        "profit": -4.680363951579881,
        "risked": 277.5,
        "roi": -1.6866176402089663,
        "avgModelProb": 0.4772,
        "actualWinRate": 0.434,
        "calibError": -0.0432
      },
      "MOD_PROB": {
        "wins": 64,
        "losses": 53,
        "total": 117,
        "winRate": 54.700854700854705,
        "profit": 1.1483717325917757,
        "risked": 120.5,
        "roi": 0.9530055872130918,
        "avgModelProb": 0.575,
        "actualWinRate": 0.547,
        "calibError": -0.028
      },
      "GOOD_PROB": {
        "wins": 143,
        "losses": 92,
        "total": 235,
        "winRate": 60.851063829787236,
        "profit": -11.699581540537016,
        "risked": 247.5,
        "roi": -4.727103652742229,
        "avgModelProb": 0.65,
        "actualWinRate": 0.6085,
        "calibError": -0.0415
      }
    },
    "ev": {
      "NEG_EV": {
        "wins": 306,
        "losses": 81,
        "total": 387,
        "winRate": 79.06976744186046,
        "profit": 4.510238613734848,
        "risked": 411.5,
        "roi": 1.0960482657921866,
        "avgModelProb": 0.734,
        "actualWinRate": 0.7907,
        "calibError": 0.0567
      },
      "MOD_EV": {
        "wins": 102,
        "losses": 70,
        "total": 172,
        "winRate": 59.30232558139535,
        "profit": 7.781938602231174,
        "risked": 184,
        "roi": 4.229314457734334,
        "avgModelProb": 0.6167,
        "actualWinRate": 0.593,
        "calibError": -0.0237
      },
      "LOW_EV": {
        "wins": 118,
        "losses": 76,
        "total": 194,
        "winRate": 60.824742268041234,
        "profit": -7.39794023642024,
        "risked": 203.5,
        "roi": -3.6353514675283733,
        "avgModelProb": 0.6451,
        "actualWinRate": 0.6082,
        "calibError": -0.0368
      },
      "VERY_HIGH_EV": {
        "wins": 43,
        "losses": 51,
        "total": 94,
        "winRate": 45.744680851063826,
        "profit": 1.9675842234928944,
        "risked": 97,