{
  "weights": {
    "grade": {
      "A": 0.9569852368666162,
      "A+": 0.848514810620072,
      "B": 0.9794125826516551,
      "D": 1.1845692706082662,
      "C": 0.9494807595503468,
      "B+": 1,
      "F": 1.0164930377206869
    },
    "odds": {
      "HEAVY_FAV": 0.9913943186976936,
      "BIG_FAV": 0.9141586760803637,
      "SLIGHT_FAV": 1.2492300709301936,
      "MOD_FAV": 0.963750462944438,
      "BIG_DOG": 1,
      "SLIGHT_DOG": 0.7306206231050496,
      "PICKEM": 0.6611145032303138
    },
    "probability": {
      "HIGH_PROB": 1.0095661437310885,
      "LOW_PROB": 0.9187630956940234,
      "MOD_PROB": 1.0913579964617992,
      "GOOD_PROB": 0.8761672993069642
    },
    "ev": {
      "NEG_EV": 1.0332070509829578,
      "MOD_EV": 1.0314110500827844,
      "LOW_EV": 0.9047253057539218,
      "VERY_HIGH_EV": 0.572634289392667,
      "HIGH_EV": 1,
      "GOOD_EV": 0.7490096413348364
    },
    "side": {
      "HOME": 0.9467940113829041,
      "AWAY": 1.0373491692725316
    }
  },
  "performance": {
    "grade": {
      "A": {
        "wins": 35,
        "losses": 24,
        "total": 59,
        "winRate": 59.32203389830508,
        "profit": -1.2697190067968493,
        "risked": 59,
        "roi": -2.1520661132149987
      },
      "A+": {
        "wins": 35,
        "losses": 27,
        "total": 62,
        "winRate": 56.451612903225815,
        "profit": -4.732464922344475,
        "risked": 62,
        "roi": -7.6330079392652825
      },
      "B": {
        "wins": 18,
        "losses": 11,
        "total": 29,
        "winRate": 62.06896551724138,
        "profit": -0.3088579627475801,
        "risked": 29,
        "roi": -1.0650274577502763
      },
      "D": {
        "wins": 22,
        "losses": 5,
        "total": 27,
        "winRate": 81.48148148148148,
        "profit": 2.8083605951116706,
        "risked": 27,
        "roi": 10.401335537450631
      },
      "C": {
        "wins": 167,
        "losses": 51,
        "total": 218,
        "winRate": 76.60550458715596,
        "profit": -5.511289029925504,
        "risked": 218,
        "roi": -2.528114233910782
      },
      "B+": {
        "wins": 5,
        "losses": 0,
        "total": 5,
        "winRate": 100,
        "profit": 1.6444113402936935,
        "risked": 5,
        "roi": 32.88822680587387
      },
      "F": {
        "wins": 64,
        "losses": 16,
        "total": 80,
        "winRate": 80,
        "profit": 0.6597813378053625,
        "risked": 80,
        "roi": 0.8247266722567032
      }
    },
    "odds": {
      "HEAVY_FAV": {
        "wins": 187,
        "losses": 26,
        "total": 213,
        "winRate": 87.79342723004694,
        "profit": -0.9165276844687296,
        "risked": 213,
        "roi": -0.4302946875440045
      },
      "BIG_FAV": {
        "wins": 57,
        "losses": 27,
        "total": 84,
        "winRate": 67.85714285714286,
        "profit": -3.614230549571861,
        "risked": 84,
        "roi": -4.302655416156977
      },
      "SLIGHT_FAV": {
        "wins": 48,
        "losses": 27,
        "total": 75,
        "winRate": 64,
        "profit": 9.54718959770408,
        "risked": 75,
        "roi": 12.729586130272105
      },
      "MOD_FAV": {
        "wins": 34,
        "losses": 21,
        "total": 55,
        "winRate": 61.81818181818181,
        "profit": -0.9972992488913873,
        "risked": 55,
        "roi": -1.8132713616207041
      },
      "BIG_DOG": {
        "wins": 0,
        "losses": 1,
        "total": 1,
        "winRate": 0,
        "profit": -1,
        "risked": 1,
        "roi": -100
      },
      "SLIGHT_DOG": {
        "wins": 7,
        "losses": 14,
        "total": 21,
        "winRate": 33.33333333333333,
        "profit": -4.26,
        "risked": 21,
        "roi": -20.285714285714285
      },
      "PICKEM": {
        "wins": 13,
        "losses": 18,
        "total": 31,
        "winRate": 41.935483870967744,
        "profit": -5.468909763375782,
        "risked": 31,
        "roi": -17.641644397986393
      }
    },
    "probability": {
      "HIGH_PROB": {
        "wins": 190,
        "losses": 29,
        "total": 219,
        "winRate": 86.7579908675799,
        "profit": 1.0475246927150097,
        "risked": 219,
        "roi": 0.4783217774954382
      },
      "LOW_PROB": {
        "wins": 39,
        "losses": 34,
        "total": 73,
        "winRate": 53.42465753424658,
        "profit": -2.97169572208681,
        "risked": 73,
        "roi": -4.070816057653164
      },
      "MOD_PROB": {
        "wins": 39,
        "losses": 25,
        "total": 64,
        "winRate": 60.9375,
        "profit": 2.9316301915913514,
        "risked": 64,
        "roi": 4.580672174361487
      },
      "GOOD_PROB": {
        "wins": 78,
        "losses": 46,
        "total": 124,
        "winRate": 62.903225806451616,
        "profit": -7.717236810823235,
        "risked": 124,
        "roi": -6.2235780732445445
      }
    },
    "ev": {
      "NEG_EV": {
        "wins": 270,
        "losses": 70,
        "total": 340,
        "winRate": 79.41176470588235,
        "profit": 5.647275043411185,
        "risked": 340,
        "roi": 1.6609632480621133
      },
      "MOD_EV": {
        "wins": 16,
        "losses": 10,
        "total": 26,
        "winRate": 61.53846153846154,
        "profit": 0.47137222062558326,
        "risked": 26,
        "roi": 1.8129700793291663
      },
      "LOW_EV": {
        "wins": 40,
        "losses": 24,
        "total": 64,
        "winRate": 62.5,
        "profit": -3.058065680692237,
        "risked": 64,
        "roi": -4.77822762608162
      },
      "VERY_HIGH_EV": {
        "wins": 10,
        "losses": 19,
        "total": 29,
        "winRate": 34.48275862068966,
        "profit": -6.885194805194805,
        "risked": 29,
        "roi": -23.74205105239588
      },
      "HIGH_EV": {
        "wins": 6,
        "losses": 3,
        "total": 9,
        "winRate": 66.66666666666666,
        "profit": 1.538287037037037,
        "risked": 9,
        "roi": 17.092078189300413
      },
      "GOOD_EV": {
        "wins": 4,
        "losses": 8,
        "total": 12,
        "winRate": 33.33333333333333,
        "profit": -4.423451463790446,
        "risked": 12,
        "roi": -36.86209553158705
      }
    },
    "side": {
      "HOME": {
        "wins": 259,
        "losses": 87,
        "total": 346,
        "winRate": 74.85549132947978,
        "profit": -9.213336545098816,
        "risked": 346,
        "roi": -2.66281403037538
      },
      "AWAY": {
        "wins": 87,
        "losses": 47,
        "total": 134,
        "winRate": 64.92537313432835,
        "profit": 2.5035588964951274,
        "risked": 134,
        "roi": 1.8683275346978563
      }
    }
  },
  "totalBets": 480,
  "lastUpdated": "2025-12-11T14:24:15.751Z",
  "config": {
    "fGradeCap": 0.5,
    "minSampleSize": 30,
    "unitThresholds": {
      "elite": 5.5,
      "high": 4.5,
      "good": 3.5,
      "moderate": 2.5,
      "low": 0
    },
    "maxWeightContribution": {
      "grade": 2,
      "odds": 2,
      "probability": 1.5,
      "ev": 1,
      "side": 0.5
    }
  }
}