{
  "weights": {
    "grade": {
      "A": 1.1137075090355055,
      "A+": 0.8199996857167117,
      "B": 1.2305636676986833,
      "D": 1.036153621103841,
      "C": 0.9717293644915005,
      "B+": 1,
      "F": 0.8948204520929793
    },
    "odds": {
      "HEAVY_FAV": 1.0236115581082874,
      "BIG_FAV": 1.0361413333648752,
      "SLIGHT_FAV": 1.138415376813997,
      "MOD_FAV": 0.9863777600332303,
      "BIG_DOG": 0.753566952792236,
      "SLIGHT_DOG": 1.1343947388922477,
      "PICKEM": 0.9450362517681679
    },
    "probability": {
      "HIGH_PROB": 1.0662506219717685,
      "LOW_PROB": 1.0973356752231844,
      "MOD_PROB": 1.0702968162626183,
      "GOOD_PROB": 0.8967752862065532
    },
    "ev": {
      "NEG_EV": 1.0219174547728047,
      "MOD_EV": 1.214134040695601,
      "LOW_EV": 1.0753614858681828,
      "VERY_HIGH_EV": 0.7513887467674476,
      "HIGH_EV": 1.3633315372631611,
      "GOOD_EV": 0.6844075045490756
    },
    "side": {
      "HOME": 1.0077207740316372,
      "AWAY": 1.0735306639998337
    }
  },
  "performance": {
    "grade": {
      "A": {
        "wins": 137,
        "losses": 99,
        "total": 236,
        "winRate": 58.05084745762712,
        "profit": 14.646329898237846,
        "risked": 256.5,
        "roi": 5.710070135765243
      },
      "A+": {
        "wins": 35,
        "losses": 28,
        "total": 63,
        "winRate": 55.55555555555556,
        "profit": -5.732464922344475,
        "risked": 63,
        "roi": -9.099150670388054
      },
      "B": {
        "wins": 61,
        "losses": 26,
        "total": 87,
        "winRate": 70.11494252873564,
        "profit": 10.800096177228166,
        "risked": 92,
        "roi": 11.739234975248007
      },
      "D": {
        "wins": 42,
        "losses": 11,
        "total": 53,
        "winRate": 79.24528301886792,
        "profit": 0.9946580988463998,
        "risked": 55,
        "roi": 1.808469270629818
      },
      "C": {
        "wins": 185,
        "losses": 58,
        "total": 243,
        "winRate": 76.13168724279835,
        "profit": -3.7397880739152147,
        "risked": 264.5,
        "roi": -1.4139085345615179
      },
      "B+": {
        "wins": 5,
        "losses": 0,
        "total": 5,
        "winRate": 100,
        "profit": 1.6444113402936935,
        "risked": 5,
        "roi": 32.88822680587387
      },
      "F": {
        "wins": 69,
        "losses": 21,
        "total": 90,
        "winRate": 76.66666666666667,
        "profit": -4.988182537399891,
        "risked": 94.5,
        "roi": -5.278500039576604
      }
    },
    "odds": {
      "HEAVY_FAV": {
        "wins": 248,
        "losses": 37,
        "total": 285,
        "winRate": 87.01754385964912,
        "profit": 3.69589577371049,
        "risked": 313,
        "roi": 1.180797371792489
      },
      "BIG_FAV": {
        "wins": 88,
        "losses": 35,
        "total": 123,
        "winRate": 71.54471544715447,
        "profit": 2.3502103038031565,
        "risked": 130,
        "roi": 1.807854079848582
      },
      "SLIGHT_FAV": {
        "wins": 70,
        "losses": 45,
        "total": 115,
        "winRate": 60.86956521739131,
        "profit": 8.079958980958674,
        "risked": 116,
        "roi": 6.965481880136788
      },
      "MOD_FAV": {
        "wins": 61,
        "losses": 37,
        "total": 98,
        "winRate": 62.244897959183675,
        "profit": -0.7254291519733039,
        "risked": 106.5,
        "roi": -0.6811541333082667
      },
      "BIG_DOG": {
        "wins": 2,
        "losses": 9,
        "total": 11,
        "winRate": 18.181818181818183,
        "profit": -4.48,
        "risked": 11,
        "roi": -40.72727272727273
      },
      "SLIGHT_DOG": {
        "wins": 38,
        "losses": 50,
        "total": 88,
        "winRate": 43.18181818181818,
        "profit": 6.354999999999997,
        "risked": 94,
        "roi": 6.760638297872338
      },
      "PICKEM": {
        "wins": 27,
        "losses": 30,
        "total": 57,
        "winRate": 47.368421052631575,
        "profit": -1.6505759255524879,
        "risked": 60,
        "roi": -2.750959875920813
      }
    },
    "probability": {
      "HIGH_PROB": {
        "wins": 285,
        "losses": 52,
        "total": 337,
        "winRate": 84.56973293768546,
        "profit": 12.191409332863094,
        "risked": 367.5,
        "roi": 3.317390294656624
      },
      "LOW_PROB": {
        "wins": 82,
        "losses": 85,
        "total": 167,
        "winRate": 49.101796407185624,
        "profit": 8.617156086138177,
        "risked": 176.5,
        "roi": 4.882241408576871
      },
      "MOD_PROB": {
        "wins": 51,
        "losses": 36,
        "total": 87,
        "winRate": 58.620689655172406,
        "profit": 3.0981700074658756,
        "risked": 88,
        "roi": 3.5206477357566768
      },
      "GOOD_PROB": {
        "wins": 116,
        "losses": 70,
        "total": 186,
        "winRate": 62.365591397849464,
        "profit": -10.28167544552061,
        "risked": 198.5,
        "roi": -5.179685362982675
      }
    },
    "ev": {
      "NEG_EV": {
        "wins": 306,
        "losses": 81,
        "total": 387,
        "winRate": 79.06976744186046,
        "profit": 4.510238613734848,
        "risked": 411.5,
        "roi": 1.0960482657921866
      },
      "MOD_EV": {
        "wins": 68,
        "losses": 35,
        "total": 103,
        "winRate": 66.01941747572816,
        "profit": 12.180003788645003,
        "risked": 112,
        "roi": 10.875003382718752
      },
      "LOW_EV": {
        "wins": 93,
        "losses": 48,
        "total": 141,
        "winRate": 65.95744680851064,
        "profit": 5.719476645216783,
        "risked": 151.5,
        "roi": 3.775232109053982
      },
      "VERY_HIGH_EV": {
        "wins": 24,
        "losses": 36,
        "total": 60,
        "winRate": 40,
        "profit": -7.998858922851728,
        "risked": 63,
        "roi": -12.696601464844012
      },
      "HIGH_EV": {
        "wins": 22,
        "losses": 16,
        "total": 38,
        "winRate": 57.89473684210527,
        "profit": 7.709555594049695,
        "risked": 40.5,
        "roi": 19.03593973839431
      },
      "GOOD_EV": {
        "wins": 21,
        "losses": 27,
        "total": 48,
        "winRate": 43.75,
        "profit": -8.495355737848069,
        "risked": 52,
        "roi": -16.33722257278475
      }
    },
    "side": {
      "HOME": {
        "wins": 354,
        "losses": 125,
        "total": 479,
        "winRate": 73.90396659707724,
        "profit": 1.9862085864634569,
        "risked": 514.5,
        "roi": 0.3860463724904678
      },
      "AWAY": {
        "wins": 180,
        "losses": 118,
        "total": 298,
        "winRate": 60.40268456375839,
        "profit": 11.638851394483064,
        "risked": 316,
        "roi": 3.683180821038944
      }
    }
  },
  "totalBets": 777,
  "lastUpdated": "2026-01-06T10:56:27.687Z",
  "config": {
    "fGradeCap": 0.5,
    "minSampleSize": 30,
    "unitThresholds": {
      "elite": 5.5,
      "high": 4.5,
      "good": 3.5,
      "moderate": 2.5,
      "low": 0
    },
    "maxWeightContribution": {
      "grade": 2,
      "odds": 2,
      "probability": 1.5,
      "ev": 1,
      "side": 0.5
    }
  }
}