{
  "weights": {
    "grade": {
      "A": 1.0169351011534176,
      "A+": 0.848514810620072,
      "B": 0.7981820242610028,
      "D": 1.0121528554163628,
      "C": 0.9568311496426388,
      "B+": 1,
      "F": 1.0164930377206869
    },
    "odds": {
      "HEAVY_FAV": 0.995904250389796,
      "BIG_FAV": 0.8912959851412992,
      "SLIGHT_FAV": 1.1600924826998236,
      "MOD_FAV": 0.9384495370614119,
      "BIG_DOG": 1,
      "SLIGHT_DOG": 0.8521127037893649,
      "PICKEM": 0.6570501482469717
    },
    "probability": {
      "HIGH_PROB": 1.0065957606702076,
      "LOW_PROB": 0.9744754979600482,
      "MOD_PROB": 0.9961251717969051,
      "GOOD_PROB": 0.8498110032550682
    },
    "ev": {
      "NEG_EV": 1.018308470498395,
      "MOD_EV": 1.0314110500827844,
      "LOW_EV": 0.8435381639252226,
      "VERY_HIGH_EV": 0.6878288387962881,
      "HIGH_EV": 1,
      "GOOD_EV": 0.7273691492102465
    },
    "side": {
      "HOME": 0.9325812586106039,
      "AWAY": 1.0254996113276391
    }
  },
  "performance": {
    "grade": {
      "A": {
        "wins": 33,
        "losses": 21,
        "total": 54,
        "winRate": 61.111111111111114,
        "profit": 0.45729145119088965,
        "risked": 54,
        "roi": 0.8468360207238698
      },
      "A+": {
        "wins": 35,
        "losses": 27,
        "total": 62,
        "winRate": 56.451612903225815,
        "profit": -4.732464922344475,
        "risked": 62,
        "roi": -7.6330079392652825
      },
      "B": {
        "wins": 14,
        "losses": 11,
        "total": 25,
        "winRate": 56.00000000000001,
        "profit": -3.088628916431577,
        "risked": 25,
        "roi": -12.354515665726309
      },
      "D": {
        "wins": 12,
        "losses": 5,
        "total": 17,
        "winRate": 70.58823529411765,
        "profit": 0.18232078689172537,
        "risked": 17,
        "roi": 1.0724752170101493
      },
      "C": {
        "wins": 166,
        "losses": 50,
        "total": 216,
        "winRate": 76.85185185185185,
        "profit": -4.665135183771659,
        "risked": 216,
        "roi": -2.159784807301694
      },
      "B+": {
        "wins": 5,
        "losses": 0,
        "total": 5,
        "winRate": 100,
        "profit": 1.6444113402936935,
        "risked": 5,
        "roi": 32.88822680587387
      },
      "F": {
        "wins": 64,
        "losses": 16,
        "total": 80,
        "winRate": 80,
        "profit": 0.6597813378053625,
        "risked": 80,
        "roi": 0.8247266722567032
      }
    },
    "odds": {
      "HEAVY_FAV": {
        "wins": 179,
        "losses": 25,
        "total": 204,
        "winRate": 87.74509803921569,
        "profit": -0.41776879629807684,
        "risked": 204,
        "roi": -0.20478862563631217
      },
      "BIG_FAV": {
        "wins": 55,
        "losses": 27,
        "total": 82,
        "winRate": 67.07317073170732,
        "profit": -4.4745450731611305,
        "risked": 82,
        "roi": -5.456762284342842
      },
      "SLIGHT_FAV": {
        "wins": 43,
        "losses": 27,
        "total": 70,
        "winRate": 61.42857142857143,
        "profit": 5.651856351117914,
        "risked": 70,
        "roi": 8.07408050159702
      },
      "MOD_FAV": {
        "wins": 33,
        "losses": 21,
        "total": 54,
        "winRate": 61.111111111111114,
        "profit": -1.663965915558054,
        "risked": 54,
        "roi": -3.0814183621445443
      },
      "BIG_DOG": {
        "wins": 0,
        "losses": 1,
        "total": 1,
        "winRate": 0,
        "profit": -1,
        "risked": 1,
        "roi": -100
      },
      "SLIGHT_DOG": {
        "wins": 7,
        "losses": 12,
        "total": 19,
        "winRate": 36.84210526315789,
        "profit": -2.26,
        "risked": 19,
        "roi": -11.894736842105262
      },
      "PICKEM": {
        "wins": 12,
        "losses": 17,
        "total": 29,
        "winRate": 41.37931034482759,
        "profit": -5.378000672466691,
        "risked": 29,
        "roi": -18.544829905057554
      }
    },
    "probability": {
      "HIGH_PROB": {
        "wins": 180,
        "losses": 28,
        "total": 208,
        "winRate": 86.53846153846155,
        "profit": 0.6859690572963932,
        "risked": 208,
        "roi": 0.3297928160078814
      },
      "LOW_PROB": {
        "wins": 38,
        "losses": 31,
        "total": 69,
        "winRate": 55.072463768115945,
        "profit": -0.8807866311777192,
        "risked": 69,
        "roi": -1.2765023640256798
      },
      "MOD_PROB": {
        "wins": 35,
        "losses": 25,
        "total": 60,
        "winRate": 58.333333333333336,
        "profit": -0.11624542787616998,
        "risked": 60,
        "roi": -0.19374237979361664
      },
      "GOOD_PROB": {
        "wins": 76,
        "losses": 46,
        "total": 122,
        "winRate": 62.295081967213115,
        "profit": -9.231361104608546,
        "risked": 122,
        "roi": -7.566689430007005
      }
    },
    "ev": {
      "NEG_EV": {
        "wins": 260,
        "losses": 70,
        "total": 330,
        "winRate": 78.78787878787878,
        "profit": 3.0212352351912415,
        "risked": 330,
        "roi": 0.9155258288458307
      },
      "MOD_EV": {
        "wins": 16,
        "losses": 10,
        "total": 26,
        "winRate": 61.53846153846154,
        "profit": 0.47137222062558326,
        "risked": 26,
        "roi": 1.8129700793291663
      },
      "LOW_EV": {
        "wins": 34,
        "losses": 22,
        "total": 56,
        "winRate": 60.71428571428571,
        "profit": -4.417214703116005,
        "risked": 56,
        "roi": -7.887883398421438
      },
      "VERY_HIGH_EV": {
        "wins": 10,
        "losses": 17,
        "total": 27,
        "winRate": 37.03703703703704,
        "profit": -4.885194805194805,
        "risked": 27,
        "roi": -18.093314093314095
      },
      "HIGH_EV": {
        "wins": 6,
        "losses": 3,
        "total": 9,
        "winRate": 66.66666666666666,
        "profit": 1.538287037037037,
        "risked": 9,
        "roi": 17.092078189300413
      },
      "GOOD_EV": {
        "wins": 3,
        "losses": 8,
        "total": 11,
        "winRate": 27.27272727272727,
        "profit": -5.2709090909090905,
        "risked": 11,
        "roi": -47.91735537190082
      }
    },
    "side": {
      "HOME": {
        "wins": 246,
        "losses": 85,
        "total": 331,
        "winRate": 74.32024169184291,
        "profit": -11.174753089223916,
        "risked": 331,
        "roi": -3.376058335112966
      },
      "AWAY": {
        "wins": 83,
        "losses": 45,
        "total": 128,
        "winRate": 64.84375,
        "profit": 1.632328982857872,
        "risked": 128,
        "roi": 1.2752570178577125
      }
    }
  },
  "totalBets": 459,
  "lastUpdated": "2025-12-08T11:49:35.041Z",
  "config": {
    "fGradeCap": 0.5,
    "minSampleSize": 30,
    "unitThresholds": {
      "elite": 5.5,
      "high": 4.5,
      "good": 3.5,
      "moderate": 2.5,
      "low": 0
    },
    "maxWeightContribution": {
      "grade": 2,
      "odds": 2,
      "probability": 1.5,
      "ev": 1,
      "side": 0.5
    }
  }
}