{
  "weights": {
    "grade": {
      "A": 1.2710310383419907,
      "A+": 0.8199996857167117,
      "B": 1.2178401754031714,
      "D": 1.036153621103841,
      "C": 0.9792076417101709,
      "B+": 1,
      "F": 0.8948204520929793
    },
    "odds": {
      "HEAVY_FAV": 1.0262832660059662,
      "BIG_FAV": 0.9898376032558558,
      "SLIGHT_FAV": 1.088340040887676,
      "MOD_FAV": 1.013877707734493,
      "BIG_DOG": 1,
      "SLIGHT_DOG": 1.3967945448820813,
      "PICKEM": 0.8892321153082493
    },
    "probability": {
      "HIGH_PROB": 1.058913632908262,
      "LOW_PROB": 1.2299512729868487,
      "MOD_PROB": 1.0371145691319108,
      "GOOD_PROB": 0.8995009463879367
    },
    "ev": {
      "NEG_EV": 1.0219174547728047,
      "MOD_EV": 1.3539026055894252,
      "LOW_EV": 1.0482974025250498,
      "VERY_HIGH_EV": 0.5641249196767346,
      "HIGH_EV": 1.5384766236110738,
      "GOOD_EV": 0.7182970883939788
    },
    "side": {
      "HOME": 0.9903231942034924,
      "AWAY": 1.1653574866128384
    }
  },
  "performance": {
    "grade": {
      "A": {
        "wins": 85,
        "losses": 50,
        "total": 135,
        "winRate": 62.96296296296296,
        "profit": 20.570243861619797,
        "risked": 148,
        "roi": 13.898813420013376
      },
      "A+": {
        "wins": 35,
        "losses": 28,
        "total": 63,
        "winRate": 55.55555555555556,
        "profit": -5.732464922344475,
        "risked": 63,
        "roi": -9.099150670388054
      },
      "B": {
        "wins": 42,
        "losses": 19,
        "total": 61,
        "winRate": 68.85245901639344,
        "profit": 7.029055059155024,
        "risked": 63.5,
        "roi": 11.069378045913423
      },
      "D": {
        "wins": 42,
        "losses": 11,
        "total": 53,
        "winRate": 79.24528301886792,
        "profit": 0.9946580988463998,
        "risked": 55,
        "roi": 1.808469270629818
      },
      "C": {
        "wins": 185,
        "losses": 57,
        "total": 242,
        "winRate": 76.44628099173553,
        "profit": -2.7397880739152147,
        "risked": 263.5,
        "roi": -1.0397677699867987
      },
      "B+": {
        "wins": 5,
        "losses": 0,
        "total": 5,
        "winRate": 100,
        "profit": 1.6444113402936935,
        "risked": 5,
        "roi": 32.88822680587387
      },
      "F": {
        "wins": 69,
        "losses": 21,
        "total": 90,
        "winRate": 76.66666666666667,
        "profit": -4.988182537399891,
        "risked": 94.5,
        "roi": -5.278500039576604
      }
    },
    "odds": {
      "HEAVY_FAV": {
        "wins": 231,
        "losses": 31,
        "total": 262,
        "winRate": 88.16793893129771,
        "profit": 3.7396558786890286,
        "risked": 284.5,
        "roi": 1.314466038203525
      },
      "BIG_FAV": {
        "wins": 74,
        "losses": 32,
        "total": 106,
        "winRate": 69.81132075471697,
        "profit": -0.5741951831251965,
        "risked": 113,
        "roi": -0.5081373301992889
      },
      "SLIGHT_FAV": {
        "wins": 60,
        "losses": 41,
        "total": 101,
        "winRate": 59.4059405940594,
        "profit": 4.5171171104722845,
        "risked": 102,
        "roi": 4.428546186737534
      },
      "MOD_FAV": {
        "wins": 51,
        "losses": 29,
        "total": 80,
        "winRate": 63.74999999999999,
        "profit": 0.5829011472313592,
        "risked": 84,
        "roi": 0.6939299371801895
      },
      "BIG_DOG": {
        "wins": 0,
        "losses": 2,
        "total": 2,
        "winRate": 0,
        "profit": -2,
        "risked": 2,
        "roi": -100
      },
      "SLIGHT_DOG": {
        "wins": 28,
        "losses": 28,
        "total": 56,
        "winRate": 50,
        "profit": 13.014999999999997,
        "risked": 62,
        "roi": 20.991935483870964
      },
      "PICKEM": {
        "wins": 19,
        "losses": 23,
        "total": 42,
        "winRate": 45.23809523809524,
        "profit": -2.5025461270121454,
        "risked": 45,
        "roi": -5.561213615582545
      }
    },
    "probability": {
      "HIGH_PROB": {
        "wins": 249,
        "losses": 38,
        "total": 287,
        "winRate": 86.7595818815331,
        "profit": 9.097963422105549,
        "risked": 308.5,
        "roi": 2.949096733259497
      },
      "LOW_PROB": {
        "wins": 65,
        "losses": 54,
        "total": 119,
        "winRate": 54.621848739495796,
        "profit": 15.043367702860337,
        "risked": 128.5,
        "roi": 11.706900936078084
      },
      "MOD_PROB": {
        "wins": 46,
        "losses": 33,
        "total": 79,
        "winRate": 58.22784810126582,
        "profit": 1.485264995810864,
        "risked": 80,
        "roi": 1.8565812447635797
      },
      "GOOD_PROB": {
        "wins": 103,
        "losses": 61,
        "total": 164,
        "winRate": 62.80487804878049,
        "profit": -8.848663294521417,
        "risked": 175.5,
        "roi": -5.041973387191691
      }
    },
    "ev": {
      "NEG_EV": {
        "wins": 306,
        "losses": 81,
        "total": 387,
        "winRate": 79.06976744186046,
        "profit": 4.510238613734848,
        "risked": 411.5,
        "roi": 1.0960482657921866
      },
      "MOD_EV": {
        "wins": 45,
        "losses": 20,
        "total": 65,
        "winRate": 69.23076923076923,
        "profit": 12.946434589299253,
        "risked": 70,
        "roi": 18.494906556141792
      },
      "LOW_EV": {
        "wins": 74,
        "losses": 40,
        "total": 114,
        "winRate": 64.91228070175438,
        "profit": 2.948435527143637,
        "risked": 122,
        "roi": 2.4167504320849487
      },
      "VERY_HIGH_EV": {
        "wins": 14,
        "losses": 24,
        "total": 38,
        "winRate": 36.84210526315789,
        "profit": -9.576103896103897,
        "risked": 41,
        "roi": -23.356350966107065
      },
      "HIGH_EV": {
        "wins": 16,
        "losses": 9,
        "total": 25,
        "winRate": 64,
        "profit": 10.569602826510721,
        "risked": 27.5,
        "roi": 38.434919369129894
      },
      "GOOD_EV": {
        "wins": 8,
        "losses": 12,
        "total": 20,
        "winRate": 40,
        "profit": -4.620674834329236,
        "risked": 20.5,
        "roi": -22.53987724063042
      }
    },
    "side": {
      "HOME": {
        "wins": 327,
        "losses": 111,
        "total": 438,
        "winRate": 74.65753424657534,
        "profit": -2.2475083006438608,
        "risked": 464.5,
        "roi": -0.4838553930342004
      },
      "AWAY": {
        "wins": 136,
        "losses": 75,
        "total": 211,
        "winRate": 64.45497630331754,
        "profit": 19.02544112689919,
        "risked": 228,
        "roi": 8.344491722324205
      }
    }
  },
  "totalBets": 649,
  "lastUpdated": "2025-12-29T12:38:58.461Z",
  "config": {
    "fGradeCap": 0.5,
    "minSampleSize": 30,
    "unitThresholds": {
      "elite": 5.5,
      "high": 4.5,
      "good": 3.5,
      "moderate": 2.5,
      "low": 0
    },
    "maxWeightContribution": {
      "grade": 2,
      "odds": 2,
      "probability": 1.5,
      "ev": 1,
      "side": 0.5
    }
  }
}