{
  "weights": {
    "grade": {
      "A": 1.0549367626775301,
      "A+": 0.848514810620072,
      "B": 0.792116521710416,
      "D": 1.0152657261127729,
      "C": 0.9460235154910823,
      "B+": 1,
      "F": 0.8876910530075389
    },
    "odds": {
      "HEAVY_FAV": 0.9973297739393366,
      "BIG_FAV": 0.8469916180018606,
      "SLIGHT_FAV": 1.109984221233997,
      "MOD_FAV": 0.9488664590549332,
      "BIG_DOG": 1,
      "SLIGHT_DOG": 0.8521127037893649,
      "PICKEM": 0.606935252569275
    },
    "probability": {
      "HIGH_PROB": 1.0002550135876387,
      "LOW_PROB": 0.8860592341296302,
      "MOD_PROB": 0.9420106418029937,
      "GOOD_PROB": 0.8538306007266596
    },
    "ev": {
      "NEG_EV": 0.9873348634719152,
      "MOD_EV": 1.0976409397120905,
      "LOW_EV": 0.8160922469042159,
      "VERY_HIGH_EV": 0.6878288387962881,
      "HIGH_EV": 1,
      "GOOD_EV": 0.7273691492102465
    },
    "side": {
      "HOME": 0.9165686284493563,
      "AWAY": 0.9839515066858968
    }
  },
  "performance": {
    "grade": {
      "A": {
        "wins": 33,
        "losses": 20,
        "total": 53,
        "winRate": 62.264150943396224,
        "profit": 1.4572914511908897,
        "risked": 53,
        "roi": 2.749606511680924
      },
      "A+": {
        "wins": 35,
        "losses": 27,
        "total": 62,
        "winRate": 56.451612903225815,
        "profit": -4.732464922344475,
        "risked": 62,
        "roi": -7.6330079392652825
      },
      "B": {
        "wins": 12,
        "losses": 10,
        "total": 22,
        "winRate": 54.54545454545454,
        "profit": -3.2060531588558203,
        "risked": 22,
        "roi": -14.572968903890093
      },
      "D": {
        "wins": 7,
        "losses": 3,
        "total": 10,
        "winRate": 70,
        "profit": 0.22914618371712203,
        "risked": 10,
        "roi": 2.2914618371712203
      },
      "C": {
        "wins": 164,
        "losses": 50,
        "total": 214,
        "winRate": 76.63551401869158,
        "profit": -5.781102549739025,
        "risked": 214,
        "roi": -2.701449789597675
      },
      "B+": {
        "wins": 5,
        "losses": 0,
        "total": 5,
        "winRate": 100,
        "profit": 1.6444113402936935,
        "risked": 5,
        "roi": 32.88822680587387
      },
      "F": {
        "wins": 45,
        "losses": 14,
        "total": 59,
        "winRate": 76.27118644067797,
        "profit": -3.3271500818650814,
        "risked": 59,
        "roi": -5.639237426889968
      }
    },
    "odds": {
      "HEAVY_FAV": {
        "wins": 163,
        "losses": 22,
        "total": 185,
        "winRate": 88.10810810810811,
        "profit": -0.2469964976496436,
        "risked": 185,
        "roi": -0.1335116203511587
      },
      "BIG_FAV": {
        "wins": 51,
        "losses": 27,
        "total": 78,
        "winRate": 65.38461538461539,
        "profit": -6.014560333679989,
        "risked": 78,
        "roi": -7.710974786769216
      },
      "SLIGHT_FAV": {
        "wins": 37,
        "losses": 25,
        "total": 62,
        "winRate": 59.67741935483871,
        "profit": 3.423359257509258,
        "risked": 62,
        "roi": 5.521547189531061
      },
      "MOD_FAV": {
        "wins": 32,
        "losses": 20,
        "total": 52,
        "winRate": 61.53846153846154,
        "profit": -1.3306325822247205,
        "risked": 52,
        "roi": -2.5589088119706163
      },
      "BIG_DOG": {
        "wins": 0,
        "losses": 1,
        "total": 1,
        "winRate": 0,
        "profit": -1,
        "risked": 1,
        "roi": -100
      },
      "SLIGHT_DOG": {
        "wins": 7,
        "losses": 12,
        "total": 19,
        "winRate": 36.84210526315789,
        "profit": -2.26,
        "risked": 19,
        "roi": -11.894736842105262
      },
      "PICKEM": {
        "wins": 11,
        "losses": 17,
        "total": 28,
        "winRate": 39.285714285714285,
        "profit": -6.2870915815576005,
        "risked": 28,
        "roi": -22.453898505562858
      }
    },
    "probability": {
      "HIGH_PROB": {
        "wins": 165,
        "losses": 26,
        "total": 191,
        "winRate": 86.38743455497382,
        "profit": 0.024353798147432548,
        "risked": 191,
        "roi": 0.01275067965834165
      },
      "LOW_PROB": {
        "wins": 33,
        "losses": 30,
        "total": 63,
        "winRate": 52.38095238095239,
        "profit": -3.60478822029087,
        "risked": 63,
        "roi": -5.721886063953762
      },
      "MOD_PROB": {
        "wins": 31,
        "losses": 24,
        "total": 55,
        "winRate": 56.36363636363636,
        "profit": -1.5964985081292502,
        "risked": 55,
        "roi": -2.9027245602350003
      },
      "GOOD_PROB": {
        "wins": 72,
        "losses": 44,
        "total": 116,
        "winRate": 62.06896551724138,
        "profit": -8.538988807330007,
        "risked": 116,
        "roi": -7.361197247698283
      }
    },
    "ev": {
      "NEG_EV": {
        "wins": 236,
        "losses": 67,
        "total": 303,
        "winRate": 77.88778877887789,
        "profit": -1.9188707876538063,
        "risked": 303,
        "roi": -0.6332906889946555
      },
      "MOD_EV": {
        "wins": 16,
        "losses": 9,
        "total": 25,
        "winRate": 64,
        "profit": 1.4713722206255833,
        "risked": 25,
        "roi": 5.885488882502333
      },
      "LOW_EV": {
        "wins": 30,
        "losses": 20,
        "total": 50,
        "winRate": 60,
        "profit": -4.650606311507613,
        "risked": 50,
        "roi": -9.301212623015227
      },
      "VERY_HIGH_EV": {
        "wins": 10,
        "losses": 17,
        "total": 27,
        "winRate": 37.03703703703704,
        "profit": -4.885194805194805,
        "risked": 27,
        "roi": -18.093314093314095
      },
      "HIGH_EV": {
        "wins": 6,
        "losses": 3,
        "total": 9,
        "winRate": 66.66666666666666,
        "profit": 1.538287037037037,
        "risked": 9,
        "roi": 17.092078189300413
      },
      "GOOD_EV": {
        "wins": 3,
        "losses": 8,
        "total": 11,
        "winRate": 27.27272727272727,
        "profit": -5.2709090909090905,
        "risked": 11,
        "roi": -47.91735537190082
      }
    },
    "side": {
      "HOME": {
        "wins": 225,
        "losses": 80,
        "total": 305,
        "winRate": 73.77049180327869,
        "profit": -12.752929458862276,
        "risked": 305,
        "roi": -4.18128834716796
      },
      "AWAY": {
        "wins": 76,
        "losses": 44,
        "total": 120,
        "winRate": 63.33333333333333,
        "profit": -0.9629922787404206,
        "risked": 120,
        "roi": -0.8024935656170172
      }
    }
  },
  "totalBets": 425,
  "lastUpdated": "2025-12-07T14:34:39.075Z",
  "config": {
    "fGradeCap": 0.5,
    "minSampleSize": 30,
    "unitThresholds": {
      "elite": 4.6,
      "high": 4.3,
      "good": 4.0,
      "moderate": 3.7,
      "low": 0
    },
    "maxWeightContribution": {
      "grade": 2,
      "odds": 2,
      "probability": 1.5,
      "ev": 1,
      "side": 0.5
    }
  }
}