{
  "weights": {
    "grade": {
      "A": 0.9906996127596235,
      "A+": 0.848514810620072,
      "B": 0.9063200585531896,
      "D": 1.1265082560897712,
      "C": 0.9568311496426388,
      "B+": 1,
      "F": 1.0164930377206869
    },
    "odds": {
      "HEAVY_FAV": 0.9973659169874506,
      "BIG_FAV": 0.9027418300902469,
      "SLIGHT_FAV": 1.2349221629094693,
      "MOD_FAV": 0.9384495370614119,
      "BIG_DOG": 1,
      "SLIGHT_DOG": 0.7306206231050496,
      "PICKEM": 0.7105853191113153
    },
    "probability": {
      "HIGH_PROB": 1.0117865386714677,
      "LOW_PROB": 0.9452853722228436,
      "MOD_PROB": 1.0710538711670237,
      "GOOD_PROB": 0.8645146209948441
    },
    "ev": {
      "NEG_EV": 1.0282903564275123,
      "MOD_EV": 1.0314110500827844,
      "LOW_EV": 0.9217413319402569,
      "VERY_HIGH_EV": 0.572634289392667,
      "HIGH_EV": 1,
      "GOOD_EV": 0.7490096413348364
    },
    "side": {
      "HOME": 0.9415000512011035,
      "AWAY": 1.0464631318259046
    }
  },
  "performance": {
    "grade": {
      "A": {
        "wins": 35,
        "losses": 23,
        "total": 58,
        "winRate": 60.3448275862069,
        "profit": -0.26971900679684935,
        "risked": 58,
        "roi": -0.46503277033939544
      },
      "A+": {
        "wins": 35,
        "losses": 27,
        "total": 62,
        "winRate": 56.451612903225815,
        "profit": -4.732464922344475,
        "risked": 62,
        "roi": -7.6330079392652825
      },
      "B": {
        "wins": 16,
        "losses": 11,
        "total": 27,
        "winRate": 59.25925925925925,
        "profit": -1.4103072381098989,
        "risked": 27,
        "roi": -5.223360141147774
      },
      "D": {
        "wins": 18,
        "losses": 5,
        "total": 23,
        "winRate": 78.26086956521739,
        "profit": 1.9151339941264491,
        "risked": 23,
        "roi": 8.326669539680214
      },
      "C": {
        "wins": 166,
        "losses": 50,
        "total": 216,
        "winRate": 76.85185185185185,
        "profit": -4.665135183771659,
        "risked": 216,
        "roi": -2.159784807301694
      },
      "B+": {
        "wins": 5,
        "losses": 0,
        "total": 5,
        "winRate": 100,
        "profit": 1.6444113402936935,
        "risked": 5,
        "roi": 32.88822680587387
      },
      "F": {
        "wins": 64,
        "losses": 16,
        "total": 80,
        "winRate": 80,
        "profit": 0.6597813378053625,
        "risked": 80,
        "roi": 0.8247266722567032
      }
    },
    "odds": {
      "HEAVY_FAV": {
        "wins": 183,
        "losses": 25,
        "total": 208,
        "winRate": 87.98076923076923,
        "profit": -0.2739452668863121,
        "risked": 208,
        "roi": -0.1317044552338039
      },
      "BIG_FAV": {
        "wins": 56,
        "losses": 27,
        "total": 83,
        "winRate": 67.46987951807229,
        "profit": -4.049013158267513,
        "risked": 83,
        "roi": -4.878329106346402
      },
      "SLIGHT_FAV": {
        "wins": 47,
        "losses": 27,
        "total": 74,
        "winRate": 63.51351351351351,
        "profit": 8.857534425290286,
        "risked": 74,
        "roi": 11.969641115257144
      },
      "MOD_FAV": {
        "wins": 33,
        "losses": 21,
        "total": 54,
        "winRate": 61.111111111111114,
        "profit": -1.663965915558054,
        "risked": 54,
        "roi": -3.0814183621445443
      },
      "BIG_DOG": {
        "wins": 0,
        "losses": 1,
        "total": 1,
        "winRate": 0,
        "profit": -1,
        "risked": 1,
        "roi": -100
      },
      "SLIGHT_DOG": {
        "wins": 7,
        "losses": 14,
        "total": 21,
        "winRate": 33.33333333333333,
        "profit": -4.26,
        "risked": 21,
        "roi": -20.285714285714285
      },
      "PICKEM": {
        "wins": 13,
        "losses": 17,
        "total": 30,
        "winRate": 43.333333333333336,
        "profit": -4.468909763375782,
        "risked": 30,
        "roi": -14.896365877919274
      }
    },
    "probability": {
      "HIGH_PROB": {
        "wins": 185,
        "losses": 28,
        "total": 213,
        "winRate": 86.85446009389672,
        "profit": 1.2553245016017751,
        "risked": 213,
        "roi": 0.5893542261041198
      },
      "LOW_PROB": {
        "wins": 39,
        "losses": 33,
        "total": 72,
        "winRate": 54.166666666666664,
        "profit": -1.9716957220868099,
        "risked": 72,
        "roi": -2.738466280676125
      },
      "MOD_PROB": {
        "wins": 38,
        "losses": 25,
        "total": 63,
        "winRate": 60.317460317460316,
        "profit": 2.2419750191775583,
        "risked": 63,
        "roi": 3.5586905066310446
      },
      "GOOD_PROB": {
        "wins": 77,
        "losses": 46,
        "total": 123,
        "winRate": 62.601626016260155,
        "profit": -8.383903477489902,
        "risked": 123,
        "roi": -6.81618168901618
      }
    },
    "ev": {
      "NEG_EV": {
        "wins": 266,
        "losses": 70,
        "total": 336,
        "winRate": 79.16666666666666,
        "profit": 4.754048442425964,
        "risked": 336,
        "roi": 1.4148953697696323
      },
      "MOD_EV": {
        "wins": 16,
        "losses": 10,
        "total": 26,
        "winRate": 61.53846153846154,
        "profit": 0.47137222062558326,
        "risked": 26,
        "roi": 1.8129700793291663
      },
      "LOW_EV": {
        "wins": 37,
        "losses": 22,
        "total": 59,
        "winRate": 62.71186440677966,
        "profit": -2.3133611099007094,
        "risked": 59,
        "roi": -3.920951033730016
      },
      "VERY_HIGH_EV": {
        "wins": 10,
        "losses": 19,
        "total": 29,
        "winRate": 34.48275862068966,
        "profit": -6.885194805194805,
        "risked": 29,
        "roi": -23.74205105239588
      },
      "HIGH_EV": {
        "wins": 6,
        "losses": 3,
        "total": 9,
        "winRate": 66.66666666666666,
        "profit": 1.538287037037037,
        "risked": 9,
        "roi": 17.092078189300413
      },
      "GOOD_EV": {
        "wins": 4,
        "losses": 8,
        "total": 12,
        "winRate": 33.33333333333333,
        "profit": -4.423451463790446,
        "risked": 12,
        "roi": -36.86209553158705
      }
    },
    "side": {
      "HOME": {
        "wins": 253,
        "losses": 86,
        "total": 339,
        "winRate": 74.63126843657817,
        "profit": -9.927075966596858,
        "risked": 339,
        "roi": -2.9283409930964184
      },
      "AWAY": {
        "wins": 86,
        "losses": 46,
        "total": 132,
        "winRate": 65.15151515151516,
        "profit": 3.068776287799475,
        "risked": 132,
        "roi": 2.3248305210602083
      }
    }
  },
  "totalBets": 471,
  "lastUpdated": "2025-12-10T15:28:05.131Z",
  "config": {
    "fGradeCap": 0.5,
    "minSampleSize": 30,
    "unitThresholds": {
      "elite": 5.5,
      "high": 4.5,
      "good": 3.5,
      "moderate": 2.5,
      "low": 0
    },
    "maxWeightContribution": {
      "grade": 2,
      "odds": 2,
      "probability": 1.5,
      "ev": 1,
      "side": 0.5
    }
  }
}