{
  "_meta": {
    "ready": false,
    "seededAt": 1774379170028,
    "walletCount": 28,
    "minSportPnl": 5000,
    "leaderboardDepth": 1500,
    "profiledThisRun": 1500,
    "skippedFresh": 0,
    "errors": 0
  },
  "0xb6bed94e75c333dae24eb9c80b3fef47ef3cfcfe": {
    "name": "DickTurbin",
    "totalPnl": 182999.10337593697,
    "sportPnl": {
      "CBB": 37622,
      "NBA": 14212,
      "MLB": -28,
      "NHL": -3,
      "NFL": -5
    },
    "sportPnlTotal": 51798,
    "sportMarkets": {
      "CBB": 75,
      "NBA": 7,
      "MLB": 20,
      "NHL": 1,
      "NFL": 1
    },
    "marketsTraded": 4565,
    "lastSeen": 1774379170028,
    "builtAt": 1774379170028,
    "source": "leaderboard",
    "vol": 25576582.916043002
  },
  "0xf0b6a8ebfa3a626337cc45e8eed30eaafb182fef": {
    "name": "retordedgremlin125",
    "totalPnl": 43131.42868767696,
    "sportPnl": {
      "NHL": 44566,
      "CBB": 23,
      "NBA": -423
    },
    "sportPnlTotal": 44166,
    "sportMarkets": {
      "NHL": 1,
      "CBB": 1,
      "NBA": 1
    },
    "marketsTraded": 26,
    "lastSeen": 1774379170028,
    "builtAt": 1774379170028,
    "source": "leaderboard",
    "vol": 1037676.730886
  },
  "0x26d4a19233117745d1f773b0786017e7fc6f76bb": {
    "name": "iknewtings",
    "totalPnl": 26625.67455498629,
    "sportPnl": {
      "NBA": 27115,
      "NFL": -489
    },
    "sportPnlTotal": 26626,
    "sportMarkets": {
      "NBA": 1,
      "NFL": 1
    },
    "marketsTraded": 3,
    "lastSeen": 1774379170028,
    "builtAt": 1774379170028,
    "source": "leaderboard",
    "vol": 34644.594778
  },
  "0x53ecc53e7a69aad0e6dda60264cc2e363092df91": {
    "name": "0x53eCc53E7",
    "totalPnl": 242721.77103940636,
    "sportPnl": {
      "NBA": 20800,
      "NHL": 2247,
      "CBB": -263,
      "MLB": 12,
      "NFL": -24
    },
    "sportPnlTotal": 22772,
    "sportMarkets": {
      "NBA": 74,
      "NHL": 59,
      "CBB": 5,
      "MLB": 1,
      "NFL": 2
    },
    "marketsTraded": 1266,
    "lastSeen": 1774379170028,
    "builtAt": 1774379170028,
    "source": "leaderboard",
    "vol": 9356207.636513999
  },
  "0x9d94f602535e518ee1cb6aade0ca9569f1b1017d": {
    "name": "eanvanezygv",
    "totalPnl": 621537.1782066143,
    "sportPnl": {
      "NBA": 14616,
      "NHL": 6075,
      "CBB": 1091,
      "MLB": 66,
      "NFL": 207
    },
    "sportPnlTotal": 22055,
    "sportMarkets": {
      "NBA": 89,
      "NHL": 22,
      "CBB": 10,
      "MLB": 9,
      "NFL": 12
    },
    "marketsTraded": 7283,
    "lastSeen": 1774379170028,
    "builtAt": 1774379170028,
    "source": "leaderboard",
    "vol": 73284613.916488
  },
  "0x05f6027ceb5b8db472bb716d3ed574c199118cec": {
    "name": "islav900",
    "totalPnl": 61764.999729806965,
    "sportPnl": {
      "NBA": 21298
    },
    "sportPnlTotal": 21298,
    "sportMarkets": {
      "NBA": 2
    },
    "marketsTraded": 27,
    "lastSeen": 1774379170028,
    "builtAt": 1774379170028,
    "source": "leaderboard",
    "vol": 3166256.1478719995
  },
  "0xd1ed12197b7dc22dede923727e9b714024dbd7cb": {
    "name": "curie",
    "totalPnl": 25862.000261126494,
    "sportPnl": {
      "CBB": 11025,
      "NBA": 3377,
      "NFL": 1658,
      "NHL": 1650,
      "MLB": 581
    },
    "sportPnlTotal": 18291,
    "sportMarkets": {
      "CBB": 48,
      "NBA": 44,
      "NFL": 32,
      "NHL": 48,
      "MLB": 22
    },
    "marketsTraded": 10015,
    "lastSeen": 1774379170028,
    "builtAt": 1774379170028,
    "source": "leaderboard",
    "vol": 28833664.90695199
  },
  "0xde0463ea7f611b065e8ab06bbfbddad75e6dfa37": {
    "name": "mwenya",
    "totalPnl": 207254.51103903272,
    "sportPnl": {
      "NFL": 11582,
      "CBB": 1182,
      "NBA": 1946,
      "NHL": 1315
    },
    "sportPnlTotal": 16025,
    "sportMarkets": {
      "NFL": 15,
      "CBB": 14,
      "NBA": 38,
      "NHL": 72
    },
    "marketsTraded": 21039,
    "lastSeen": 1774379170028,
    "builtAt": 1774379170028,
    "source": "leaderboard",
    "vol": 52951631.121164
  },
  "0x5ad5c4608c4661361b91c92e1091d2c5b43c37b9": {
    "name": "roberto73",
    "totalPnl": 101795.70628693556,
    "sportPnl": {
      "NBA": 9700,
      "CBB": 2932,
      "NHL": 3158,
      "MLB": 139,
      "NFL": -2
    },
    "sportPnlTotal": 15927,
    "sportMarkets": {
      "NBA": 103,
      "CBB": 10,
      "NHL": 40,
      "MLB": 7,
      "NFL": 4
    },
    "marketsTraded": 1811,
    "lastSeen": 1774379170028,
    "builtAt": 1774379170028,
    "source": "leaderboard",
    "vol": 934144.5301519998
  },
  "0x067f7f6e3d5363f1cf962499d1be2ca6de8be041": {
    "name": "SappySeal67",
    "totalPnl": 228376.8826647121,
    "sportPnl": {
      "NBA": 8334,
      "CBB": 7801,
      "NHL": -304
    },
    "sportPnlTotal": 15831,
    "sportMarkets": {
      "NBA": 13,
      "CBB": 7,
      "NHL": 3
    },
    "marketsTraded": 5661,
    "lastSeen": 1774379170028,
    "builtAt": 1774379170028,
    "source": "leaderboard",
    "vol": 48519125.71370099
  },
  "0x7bf9355b53cbfb738a984c3822906cd235e9b6d3": {
    "name": "TheDon",
    "totalPnl": 110394.003527,
    "sportPnl": {
      "CBB": 14034
    },
    "sportPnlTotal": 14034,
    "sportMarkets": {
      "CBB": 1
    },
    "marketsTraded": 7,
    "lastSeen": 1774379170028,
    "builtAt": 1774379170028,
    "source": "leaderboard",
    "vol": 238853.07193
  },
  "0xe83cc0c82d009a1c349c1a89feaadfcee9655e8f": {
    "name": "asdasdasdaddddddd",
    "totalPnl": 145837.9891093921,
    "sportPnl": {
      "NBA": 3286,
      "NHL": 8258,
      "CBB": 2495,
      "NFL": -139,
      "MLB": -258
    },
    "sportPnlTotal": 13642,
    "sportMarkets": {
      "NBA": 140,
      "NHL": 87,
      "CBB": 42,
      "NFL": 18,
      "MLB": 21
    },
    "marketsTraded": 8133,
    "lastSeen": 1774379170028,
    "builtAt": 1774379170028,
    "source": "leaderboard",
    "vol": 12790429.871824993
  },
  "0x51fd8f0358cc9e8a1ee5f87a0c7e3b07ed634272": {
    "name": "TimeTraveler",
    "totalPnl": 52779.025644016445,
    "sportPnl": {
      "NBA": 6648,
      "CBB": 3027,
      "NHL": 3467,
      "MLB": 85,
      "NFL": 89
    },
    "sportPnlTotal": 13316,
    "sportMarkets": {
      "NBA": 45,
      "CBB": 17,
      "NHL": 41,
      "MLB": 15,
      "NFL": 16
    },
    "marketsTraded": 5134,
    "lastSeen": 1774379170028,
    "builtAt": 1774379170028,
    "source": "leaderboard",
    "vol": 42153927.296422996
  },
  "0x01c78f8873c0c86d6b6b92ff627e3802237ee995": {
    "name": "Lilybaeum",
    "totalPnl": 312794.80795123754,
    "sportPnl": {
      "NBA": 10397,
      "NHL": 328,
      "CBB": 52,
      "NFL": -14
    },
    "sportPnlTotal": 10763,
    "sportMarkets": {
      "NBA": 78,
      "NHL": 82,
      "CBB": 10,
      "NFL": 4
    },
    "marketsTraded": 10348,
    "lastSeen": 1774379170028,
    "builtAt": 1774379170028,
    "source": "leaderboard",
    "vol": 40688908.89258999
  },
  "0x9703676286b93c2eca71ca96e8757104519a69c2": {
    "name": "TheMangler",
    "totalPnl": 176556.5363953869,
    "sportPnl": {
      "NBA": 18888,
      "NHL": 2273,
      "MLB": -1561,
      "CBB": 712,
      "NFL": -10024
    },
    "sportPnlTotal": 10288,
    "sportMarkets": {
      "NBA": 24,
      "NHL": 76,
      "MLB": 86,
      "CBB": 6,
      "NFL": 42
    },
    "marketsTraded": 1280,
    "lastSeen": 1774379170028,
    "builtAt": 1774379170028,
    "source": "leaderboard",
    "vol": 20204919.687105995
  },
  "0x85d7f978b9ac0140d00de9388b48e1208d210501": {
    "name": "Thestakingistoomuch.",
    "totalPnl": 83749.19856789768,
    "sportPnl": {
      "CBB": 9524
    },
    "sportPnlTotal": 9524,
    "sportMarkets": {
      "CBB": 56
    },
    "marketsTraded": 63,
    "lastSeen": 1774379170028,
    "builtAt": 1774379170028,
    "source": "leaderboard",
    "vol": 2235410.811078
  },
  "0x6ac5bb06a9eb05641fd5e82640268b92f3ab4b6e": {
    "name": "0p0jogggg",
    "totalPnl": 1555051.5201143008,
    "sportPnl": {
      "MLB": 3256,
      "NBA": 2026,
      "NHL": 1809,
      "NFL": 1003,